article_id,published,title,url,feed_label,Bank1,Bank2
10f9ed2,2018-01-11,ADB Provides Support for Three Infrastructure Projects in Cambodia,http://moderndiplomacy.eu/2018/01/11/adb-provides-support-three-infrastructure-projects-cambodia/,NEWS ADB - All Streams,adb,NA
c0eece9b,2018-05-13,ADB Helps Inaugurate New Power Distribution Network in Southwest Kabul,http://feedproxy.google.com/~r/adb_news/~3/2MylhkP_6EA/adb-helps-inaugurate-new-power-distribution-network-southwest-kabul,NEWS ADB - All Streams,adb,NA
d1d79dd8,2018-02-20,ADB Provides $360 Million for Rolling Stock to Boost Bangladesh Railway,http://feedproxy.google.com/~r/adb_news/~3/v9sYF6AvwkY/adb-provides-360-million-rolling-stock-boost-bangladesh-railway,NEWS ADB - All Streams,adb,NA
f0d65e5,2018-02-25,ADB provides financing to Thailand's B.Grimm Power for renewable energy expansion,https://www.dealstreetasia.com/stories/adb-b-grimm-power-thailand-93095/,NEWS ADB - All Streams,adb,NA
4a557358,2018-02-26,ADB's $235m loan to support B.Grimm Power expansion in ASEAN region,https://www.power-technology.com/news/adbs-235m-loan-support-b-grimm-power-expansion-asean-region/,NEWS ADB - All Streams,adb,NA
817a9fee,2018-02-23,B.Grimm Power secures ADB loan to support renewable energy in Asean,https://esg.theasset.com/ESG/34144/bgrimm-power-secures-adb-loan-to-support-renewable-energy-in-asean,NEWS ADB - All Streams,adb,NA
1d18e02b,2018-02-27,B.Grimm Power secures ADB loan for ASEAN renewable energy project,http://solar.energy-business-review.com/news/bgrimm-power-secures-adb-loan-for-asean-renewable-energy-project-260218-6065668,NEWS ADB - All Streams,adb,NA
5ae8d202,2018-02-22,"ADB, B.Grimm Power Expand Support for Renewable Energy in ASEAN",http://feedproxy.google.com/~r/adb_news/~3/CHQeRYReXMM/adb-bgrimm-power-expand-support-renewable-energy-asean,NEWS ADB - All Streams,adb,NA
e9482ff2,2018-02-24,"ADB, B.Grimm Power Expand Support for Renewable Energy in ASEAN",http://moderndiplomacy.eu/2018/02/24/adb-b-grimm-power-expand-support-renewable-energy-asean/,NEWS ADB - All Streams,adb,NA
c2a956dd,2018-05-07,"ADB loan, equity to Ameriabank to help promote financial inclusion in Armenia",http://arka.am/en/news/business/adb_loan_equity_to_ameriabank_to_help_promote_financial_inclusion_in_armenia/,NEWS ADB - All Streams,adb,NA
9fd5c398,2018-02-06,AfDB okays $10million bond support fund,http://thenationonlineng.net/afdb-okays-10million-bond-support-fund/,NEWS AFDB- All Streams,afdb,NA
b2d42591,2018-03-26,AfDB to launch 12 projects for agricultural SMEs in 6 African countries on March 27-29,https://www.ecofinagency.com/public-management/2603-38250-afdb-to-launch-12-projects-for-agricultural-smes-in-6-african-countries-on-march-27-29,NEWS AFDB- All Streams,afdb,NA
6c25cda0,2018-06-03,AIIB seeks to strengthen co-op with Azerbaijan,https://www.azernews.az/business/133053.html,NEWS AIIB - All Streams,aiib,NA
f08d78,2018-02-26,"AIIB approves $60 million for Bangladesh power plant, considering investing $885m more",https://bdnews24.com/economy/2018/02/27/aiib-approves-60-million-for-bangladesh-power-plant-considering-investing-885m-more,NEWS AIIB - All Streams,aiib,NA
21bcdf5b,2018-02-26,"AIIB approves $285 million of loans to Bangladesh for power, energy",https://www.reuters.com/article/bangladesh-aiib-investment/aiib-approves-285-million-of-loans-to-bangladesh-for-power-energy-idUSL4N1QG448,NEWS AIIB - All Streams,aiib,NA
cb7b1ba,2018-02-26,"AIIB approves $285 million of loans to Bangladesh for power, energy",https://in.reuters.com/article/bangladesh-aiib-investment/aiib-approves-285-million-of-loans-to-bangladesh-for-power-energy-idINKCN1GA1DB,NEWS AIIB - All Streams,aiib,NA
d71af9e4,2018-02-27,"AIIB approves $285m of loans to Bangladesh for power, energy",http://en.prothomalo.com/economy/news/171731/AIIB-approves-285m-of-loans-to-Bangladesh-for,NEWS AIIB - All Streams,aiib,NA
ed93f7da,2018-02-26,AIIB approves $285m in loans to Bangladesh for power projects,https://www.dealstreetasia.com/stories/aiib-approves-285m-of-loans-to-bangladesh-for-power-energy-93146/,NEWS AIIB - All Streams,aiib,NA
def9e94e,2018-06-03,"Andhra land acquisition law passed under World Bank ""direction"" to build capital Amravati, as land pooling system fails",https://www.counterview.net/2018/06/andhra-land-acquisition-law-passed.html,NEWS AIIB - All Streams,aiib,NA
b37f386d,2018-04-12,AIIB to invest $140mn to perk up rural roads in Madhya Pradesh,http://www.uniindia.com/~/aiib-to-invest-140mn-to-perk-up-rural-roads-in-madhya-pradesh/Business%20Economy/news/1197761.html,NEWS AIIB - All Streams,aiib,NA
7d30b559,2018-04-12,AIIB grants $140 mn loan to improve Madhya Pradesh's rural roads,https://www.thehindubusinessline.com/news/national/aiib-grants-140-mn-loan-to-improve-madhya-pradeshs-rural-roads/article23514007.ece,NEWS AIIB - All Streams,aiib,NA
53b2c218,2018-02-21,"With Port Project, Georgia Seeks Place on China's Belt and Road",https://eurasianet.org/s/with-port-project-georgia-seeks-place-on-chinas-belt-and-road,NEWS AIIB - All Streams,aiib,NA
9917d30a,2018-01-09,"Metro Manila flood control project may start in Jan, gov't says",http://news.abs-cbn.com/business/01/09/18/metro-manila-flood-control-project-may-start-in-jan-govt-says,NEWS AIIB - All Streams,aiib,NA
8d7610c9,2018-02-21,"BMRCL may tweak packages, tunnel length on Dairy Circle-Nagawara route",https://timesofindia.indiatimes.com/city/bengaluru/bmrcl-may-tweak-packages-tunnel-length-on-dairy-circle-nagawara-route/articleshow/63020183.cms,NEWS AIIB - All Streams,aiib,NA
e447cff1,2018-01-16,European investment bank & BMRCL sign project pact on funding metro phase 2 line,https://timesofindia.indiatimes.com/business/india-business/european-investment-bank-bmrcl-sign-project-pact-on-funding-metro-phase-2-line/articleshow/62529794.cms,NEWS AIIB - All Streams,aiib,NA
328b7a21,2018-02-20,"10 towns in Krishna, Guntur to get new water schemes",https://timesofindia.indiatimes.com/city/visakhapatnam/10-towns-in-krishna-guntur-to-get-new-water-schemes/articleshow/63004649.cms,NEWS AIIB - All Streams,aiib,NA
9b695369,2018-05-08,Andhra Pradesh government accords sanction for water supply project,http://www.newindianexpress.com/cities/vijayawada/2018/may/09/andhra-pradesh-government-accords-sanction-for-water-supply-project-1812268.html,NEWS AIIB - All Streams,aiib,NA
67ebc632,2018-02-26,"AIIB approves $285 million of loans to Bangladesh for power, energy",https://in.reuters.com/article/bangladesh-aiib-investment/aiib-approves-285-million-of-loans-to-bangladesh-for-power-energy-idINKCN1GA1DB,NEWS AIIB - All Streams,aiib,NA
8eba7336,2018-03-06,AIIB approves loan to Bangladesh Independent Power Project,https://www.theasset.com/belt-road-online/34203/aiib-approves-loan-to-bangladesh-independent-power-project,NEWS AIIB - All Streams,aiib,NA
1d0142a4,2018-02-26,AIIB approves 60 mln USD loan for Bangladesh power project,http://www.xinhuanet.com/english/2018-02/27/c_137001645.htm,NEWS AIIB - All Streams,aiib,NA
11a35f15,2018-02-26,AIIB approves $60mn loan for Bangladesh power project,http://www.thedailystar.net/country/asian-infrastructure-investment-bank-aiib-approves-60mn-loan-for-bangladesh-power-project-1540462,NEWS AIIB - All Streams,aiib,NA
961f2ed8,2018-02-28,AIIB approves loan for Bangladesh Bhola IPP energy project,http://www.power-technology.com/news/aiib-approves-loan-bangladesh-bhola-ipp-energy-project/,NEWS AIIB - All Streams,aiib,NA
93f42c74,2018-02-26,AIIB approves 60 mln USD loan for Bangladesh power project,http://www.xinhuanet.com/english/2018-02/27/c_137001645.htm,NEWS AIIB - All Streams,aiib,NA
9a7b41a2,2018-02-28,AIIB approves $60m for 220MW plant in Bhola,https://energybangla.com/aiib-approves-60m-for-220mw-plant-in-bhola/,NEWS AIIB - All Streams,aiib,NA
86d7fa70,2018-01-05,US$100m for Beitbridge border rehabilitation,https://www.theindependent.co.zw/2018/01/05/us100m-beitbridge-border-rehabilitation/,NEWS AFDB- All Streams,afdb,NA
fd6ca411,2018-01-19,AfDB Funds USD 101 Million Angola Projects,https://www.ooskanews.com/story/2018/01/afdb-funds-usd-101-million-angola-projects_175534,NEWS AFDB- All Streams,afdb,NA
82edb610,2018-03-14,AfDB extends $25m loan facility to private sector,http://www.chronicle.co.zw/afdb-extends-25m-loan-facility-to-private-sector/,NEWS AFDB- All Streams,afdb,NA
98cae838,2018-02-06,"Gov't secures $20m AfDB cash to construct link road, facilitate 2nd 'Adomi Bridge'",https://www.ghanaweb.com/GhanaHomePage/business/Gov-t-secures-20m-AfDB-cash-to-construct-link-road-facilitate-2nd-Adomi-Bridge-623910,NEWS AFDB- All Streams,afdb,jica
cd0ebdc7,2018-01-12,Plem construction of Polytechnic College annex taking shape: Funded by AfDB,https://www.nyasatimes.com/plem-construction-polytechnic-college-annex-taking-shape-funded-afdb/,NEWS AFDB- All Streams,afdb,NA
5ac77e66,2018-02-02,EBRD Board of Directors Unanimously Approves Nenskra HPP Project Financing,http://georgiatoday.ge/news/8990/EBRD-Board-of-Directors-Unanimously-Approves-Nenskra-HPP-Project-Financing,NEWS EBRD - All streams,ebrd,NA
11e77947,2018-04-26,EBRD declares effective 218 mln euro loan for Albania's KESH restructuring,https://seenews.com/news/ebrd-declares-effective-218-mln-euro-loan-for-albanias-kesh-restructuring-610398,NEWS EBRD - All streams,ebrd,NA
8beead9b,2018-05-09,"EBRD, partners extend funds for 30-MW solar project in Mongolia",https://renewablesnow.com/news/ebrd-partners-extend-funds-for-30-mw-solar-project-in-mongolia-611850/,NEWS EBRD - All streams,ebrd,NA
a0aeaf74,2018-01-04,Asiamoney best bank awards 2017: Mongolia,https://www.euromoney.com/article/b16bqhwq7ncydn/asiamoney-best-bank-awards-2017-mongolia,NEWS EBRD - All streams,ebrd,NA
723c5fd0,2018-03-29,EBRD loans Turkish agricultural firm $48M for expansion,https://aa.com.tr/en/economy/ebrd-loans-turkish-agricultural-firm-48m-for-expansion/1103005,NEWS EBRD - All streams,ebrd,NA
187e6ca7,2018-03-29,EBRD loans $48M to Turkey's leading agricultural firm Tirkyaki Agro,https://www.dailysabah.com/economy/2018/03/29/ebrd-loans-48m-to-turkeys-leading-agricultural-firm-tirkyaki-agro,NEWS EBRD - All streams,ebrd,NA
c12c6253,2018-02-09,EBRD finances 45MW wind farm in Jordan,https://www.txfnews.com/Ticker/Redirect/b4b57bf8-2645-47b1-b233-22d2c48be002?ShowSmallPage=True,NEWS EBRD - All streams,ebrd,NA
4bbe39d3,2018-05-30,EBRD makes its largest ever equity investment in the tourism sector buying into D Marinas,http://www.intellinews.com/ebrd-makes-its-largest-ever-equity-investment-in-the-tourism-sector-buying-into-d-marinas-142449/,NEWS EBRD - All streams,ebrd,NA
3171005d,2018-01-05,EBRD provides â‚¬28 million to rehabilitate Georgia's Enguri HPP,http://agenda.ge/news/93377/eng,NEWS EBRD - All streams,ebrd,NA
92066ec1,2018-01-28,Egypt signs agreement to receive last $500M tranche of AFDB loan,https://www.egypttoday.com/Article/3/41268/Egypt-signs-agreement-to-receive-last-500M-tranche-of-AFDB,NEWS AFDB- All Streams,afdb,NA
ef56fb55,2018-02-07,EIB approves $1.8bn financing for Trans-Adriatic Pipeline,http://transportandstorage.energy-business-review.com/news/eib-approves-18bn-financing-for-trans-adriatic-pipeline-070218-6048793,NEWS EIB - All streams,eib,NA
14c44722,2018-01-23,Centum affiliate firm to get Sh19.5bn for geothermal plant,https://www.businessdailyafrica.com/corporate/companies/Centum-affiliate-firm-to-get-Sh19-5bn-for-geothermal-plant/4003102-4275348-qxk6rz/,NEWS EIB - All streams,eib,NA
b2f5fc11,2018-02-06,EIB approves 1.5 billion euro loan to TAP gas pipeline,https://uk.reuters.com/article/uk-eu-energy/eib-approves-15-billion-euro-loan-to-tap-gas-pipeline-idUKKBN1FQ2DA,NEWS EIB - All streams,eib,NA
7d39b84d,2018-02-07,EIB approves Eur1.5 bil TAP natural gas link loan after 'enhanced' corruption probe,https://www.platts.com/latest-news/natural-gas/London/EIB-approves-Eur15-bil-TAP-natural-gas-link-loan-26887329,NEWS EIB - All streams,eib,NA
b9bd7ce0,2018-02-06,EIB gives TAP 1.5 bn loan (3),http://www.ansa.it/english/news/politics/2018/02/06/eib-gives-tap-1.5-bn-loan-3_b9911386-eaad-4c9c-9fb7-50380d74baae.html,NEWS EIB - All streams,eib,NA
bbfb53e9,2018-02-06,EIB approves 1.5 billion euro loan for TAP gas pipeline,https://uk.reuters.com/article/uk-eu-energy/eib-approves-15-billion-euro-loan-for-tap-gas-pipeline-idUKKBN1FQ2DA,NEWS EIB - All streams,eib,NA
874e2620,2018-02-07,EIB Approves â‚¬1.5bn TAP Loan,https://www.naturalgasworld.com/eib-approves-1.5bn-tap-loan-58725,NEWS EIB - All streams,eib,NA
57de6b56,2018-03-19,EIB reveals details of loan for TANAP (Exclusive),https://en.trend.az/business/energy/2875583.html,NEWS EIB - All streams,eib,NA
8dfda546,2018-03-01,ADB Pledges To Finance TAP Project,https://www.tolonews.com/afghanistan/adb-pledges-finance-tap-project,NEWS ADB - All Streams,adb,NA
ebf9ade8,2018-02-20,TAP gas pipeline to get 1.2 bln euros in loans from EBRD in 2018,https://www.reuters.com/article/azerbaijan-ebrd/tap-gas-pipeline-to-get-12-bln-euros-in-loans-from-ebrd-in-2018-idUSL8N1Q94PG,NEWS EBRD - All streams,ebrd,NA
ffb6e18a,2018-02-20,TAP gas pipeline to get 1.2 bln euros in loans from EBRD in 2018,http://www.kitco.com/news/2018-02-20/TAP-gas-pipeline-to-get-1-2-bln-euros-in-loans-from-EBRD-in-2018.html,NEWS EBRD - All streams,ebrd,NA
966769ac,2018-03-01,ADB Pledges To Finance TAP Project,https://www.tolonews.com/index.php/afghanistan/adb-pledges-finance-tap-project,NEWS ADB - All Streams,adb,NA
dd374c54,2018-02-20,EBRD to allocate 1.2B euros for TAP in 2018,https://www.azernews.az/oil_and_gas/127499.html,NEWS EBRD - All streams,ebrd,NA
c417b692,2018-01-17,EBRD announces time of discussing TAP loan (Exclusive),https://en.trend.az/business/energy/2848591.html,NEWS EBRD - All streams,ebrd,NA
3b6d3235,2018-02-20,TAP gas pipeline to get 1.2 bln euros in loans from EBRD in 2018,https://af.reuters.com/article/commoditiesNews/idAFL8N1Q94PG,NEWS EBRD - All streams,ebrd,NA
16482ff0,2018-02-20,TAP Gas Pipeline To Get 1.2B Euros In Loans From EBRD In 2018,https://www.rigzone.com/news/wire/tap_gas_pipeline_to_get_12b_euros_in_loans_from_ebrd_in_2018-20-feb-2018-153592-article/,NEWS EBRD - All streams,ebrd,NA
a8a842c4,2018-02-20,EBRD to allocate 1.2B euros for TAP in 2018,https://en.trend.az/business/energy/2863230.html,NEWS EBRD - All streams,ebrd,NA
53a92bf8,2018-02-20,TAP gas pipeline to get 1.2 bln euros in loans from EBRD in 2018,https://www.reuters.com/article/azerbaijan-ebrd/tap-gas-pipeline-to-get-1-2-bln-euros-in-loans-from-ebrd-in-2018-idUSL8N1Q94PG,NEWS EBRD - All streams,ebrd,NA
b1310eb5,2018-02-01,EIB to lend 130 mln euro for Serbia's Nis-Dimitrovgrad railway overhaul,https://seenews.com/news/eib-to-lend-130-mln-euro-for-serbias-nis-dimitrovgrad-railway-overhaul-600282,NEWS EIB - All streams,eib,NA
af79244f,2018-01-12,Bulgarian EU Presidency begins with EIB loan of 100M euro under Juncker Plan for agri-pharma firm,https://sofiaglobe.com/2018/01/12/bulgarian-eu-presidency-begins-with-eib-loan-of-100m-euro-under-juncker-plan-for-agri-pharma-firm/,NEWS EIB - All streams,eib,NA
ef0ef031,2018-01-16,BMRCL signs project agreement with EIB,https://www.nyoooz.com/news/bengaluru/1010438/bmrcl-signs-project-agreement-with-eib/,NEWS EIB - All streams,eib,NA
e819156c,2018-03-28,EIB pumps $25m into off-grid solar project,http://www.engineeringnews.co.za/article/eib-pumps-25m-into-off-grid-solar-project-2018-03-28,NEWS EIB - All streams,eib,NA
1e153953,2018-03-10,"IREDA, EIB ink 150mn-euro loan agreement for renewable energy",https://www.indiatoday.in/pti-feed/story/ireda-eib-ink-150mn-euro-loan-agreement-for-renewable-energy-1186755-2018-03-10,NEWS EIB - All streams,eib,NA
62e12c0d,2018-03-30,Valmet signs Euro 45 million loan agreement with European Investment Bank,https://www.lesprom.com/en/news/Valmet_signs_Euro_45_million_loan_agreement_with_European_Investment_Bank_82586/,NEWS EIB - All streams,eib,NA
bb0c7835,2018-01-08,AfDB okays energy loans fund,http://www.daily-mail.co.zm/afdb-okays-energy-loans-fund/,NEWS AFDB- All Streams,afdb,NA
9206496f,2018-01-19,EBRD Lends Figeac AÃ©ro â‚¬38 Mln for Expansion in Morocco & Tunisia,http://northafricapost.com/21802-ebrd-lends-figeac-aero-e38-mln-expansion-morocco-tunisia.html,NEWS EBRD - All streams,ebrd,NA
4827d3f,2018-03-06,AfDB obtains $52.5m Green Climate Fund for Zambia Renewable Energy,http://worldstagegroup.com/index.php?active=news&newscid=43413&catid=26,NEWS AFDB- All Streams,afdb,gcf
a5af59f,2018-06-06,AfDB promotes better access to mortgage finance in Ghana,https://www.worldstagegroup.com/afdb-promotes-better-access-to-mortgage-finance-in-ghana/,NEWS AFDB- All Streams,afdb,NA
2513267f,2018-01-13,PPP Center sets pre-bid conference for Baggao Water LGU project,http://beta.philstar.com/business/2018/01/14/1777442/ppp-center-sets-pre-bid-conference-baggao-water-lgu-project,NEWS ADB - All Streams,adb,NA
96b5109d,2018-04-27,IDB approves another loan for Quito metro,https://www.bnamericas.com/en/news/infrastructure/idb-approves-another-loan-for-quito-metro,NEWS IDB - All Streams,idb,NA
9bbee377,2018-04-28,IDB approves USD 250 mln loan to help build a metro line in Quito,https://www.devdiscourse.com/Article/5428-idb-approves-usd-250-mln-loan-to-help-build-a-metro-line-in-quito/Latin%20America%20and%20Caribbean,NEWS IDB - All Streams,idb,NA
73334df7,2018-04-23,"IDB Invest, IFC finance Achiras wind farm in Argentina",https://www.txfnews.com/Tracker/Details/ef312f80-bad7-4bec-90f3-eec29a2e536a/IDB-Invest-IFC-finance-Achiras-wind-farm-in-Argentina,NEWS IDB - All Streams,idb,ifc
2d23370d,2018-05-17,IDB invests USD 5 mn in MONI Online in its first operation with Fintech company,https://www.devdiscourse.com/Article/7943-idb-invests-usd-5-mn-in-moni-online-in-its-first-operation-with-fintech-company,NEWS IDB - All Streams,idb,NA
9e628fd3,2018-02-14,Nigeria: AfDB Signs $700 Million Development Loan Agreement With Japan,http://allafrica.com/stories/201802140029.html,NEWS AFDB- All Streams,afdb,jica
3d4066f7,2018-05-10,AfDB Grants $1.5 million for Jigawa IPP,http://africaoilandpower.com/2018/05/10/afdb-grants-1-5-million-for-jigawa-ipp/,NEWS AFDB- All Streams,afdb,NA
69adbb37,2018-05-23,"AfDB, Korea agree to partner on Korea-Africa Energy Investment Facility",http://www.engineeringnews.co.za/article/afdb-korea-agree-to-partner-on-korea-africa-energy-investment-facility-2018-05-23,NEWS AFDB- All Streams,afdb,NA
c10f5087,2018-03-22,"EBRD PROVIDES EUR 1.15 BLN TO SUPPORT SMES IN UKRAINE, GEORGIA, MOLDOVA",https://open4business.com.ua/ebrd-provides-eur-1-15-bln-support-smes-ukraine-georgia-moldova/,NEWS EBRD - All streams,ebrd,NA
d6eab073,2018-02-09,EBRD provides â‚¬6 million loan to PeopleCert,http://www.finchannel.com/business/banksandservices/71466-ebrd-provides-6-million-loan-to-peoplecert,NEWS EBRD - All streams,ebrd,NA
af4b8026,2018-04-01,"Wema Bank secures $35m AfDB, ICD funds for SMEs",http://thenationonlineng.net/wema-bank-secures-35m-afdb-icd-funds-smes/,NEWS AFDB- All Streams,afdb,NA
c518c447,2018-03-22,AfDB grants Ghana $39 million to improve agricultural output in Savannah zone,https://www.ecofinagency.com/agriculture/2203-38231-afdb-grants-ghana-39-million-to-improve-agricultural-output-in-savannah-zone,NEWS AFDB- All Streams,afdb,NA
2cd7aac4,2018-02-12,ADB provides USD 100 million loan assistance to Nepal,http://kathmandupost.ekantipur.com/news/2018-02-12/adb-provides-usd-100-million-loan-assistance-to-nepal.html,NEWS ADB - All Streams,adb,NA
bfbc4f3c,2018-03-21,Rwanda Innovation Fund project to receive US $30-million loan from African Development Bank,http://www.businessghana.com/site/news/business/161626/Rwanda-Innovation-Fund-project-to-receive-US-$30-million-loan-from-African-Development-Bank,NEWS AFDB- All Streams,afdb,NA
5c3867d7,2018-02-27,IDB provides US$248m for key gov't initiatives,http://www.jamaicaobserver.com/latestnews/IDB_provides_US$248m_for_key_gov%26%238217;t_initiatives?profile=1228,NEWS IDB - All Streams,idb,NA
f6652c7b,2018-02-07,EIB approves 1.5 bln euro loan to TAP gas pipline,http://www.menafn.com/1096442548/EIB-approves-15-bln-euro-loan-to-TAP-gas-pipline,NEWS EIB - All streams,eib,NA
6c72ae9a,2018-02-12,/ ADB pledges USD 100 million to upgrade rural roads in Nepal,https://www.indiatoday.in/pti-feed/story/adb-pledges-usd-100-million-to-upgrade-rural-roads-in-nepal-1167873-2018-02-12,NEWS ADB - All Streams,adb,NA
7539d05f,2018-05-14,Citi Inks $100 Million Trade Finance Deal With Asian Development Bank,https://www.pymnts.com/news/b2b-payments/2018/citi-adb-trade-finance/,NEWS ADB - All Streams,adb,NA
c5346537,2018-03-16,"ADB, India Sign $120 Million Loan to Improve Rail Infrastructure",https://www.finchannel.com/business/72240-adb-india-sign-120-million-loan-to-improve-rail-infrastructure,NEWS ADB - All Streams,adb,NA
ae07d672,2018-02-14,World Bank inks $510m Iraq infrastructure project deal,http://www.gdnonline.com/Details/317754/World-Bank-inks-$510m-Iraq-infrastructure-project-deal,NEWS WB- All Streams,wb,NA
8c34b030,2018-02-16,World Bank approves $486m to improve Nigeria's electricity transmission network,http://www.power-technology.com/news/world-bank-approves-486m-improve-nigerias-electricity-transmission-network/,NEWS WB- All Streams,wb,NA
44e02446,2018-02-03,Inland Waterways Authority Of India Signs Project Agreement With The World Bank For Jal Marg Vikas Project on Ganga,http://www.businessworld.in/article/Inland-Waterways-Authority-Of-India-Signs-Project-Agreement-With-The-World-Bank-For-Jal-Marg-Vikas-Project-on-Ganga-/03-02-2018-139435,NEWS WB- All Streams,wb,NA
e982195d,2018-04-07,World Bank to fund $ 420 mn for climate resilient farming in Maharashtra,https://www.ruralmarketing.in/industry/policy/world-bank-to-fund-420-mn-for-climate-resilient-farming-in-maharashtra,NEWS WB- All Streams,wb,NA
5a307c9e,2018-03-31,Burkina Faso: World Bank Approves $50 Million to Boost Private Investment and Job Creation,https://moderndiplomacy.eu/2018/03/31/burkina-faso-world-bank-approves-50-million-to-boost-private-investment-and-job-creation/,NEWS WB- All Streams,wb,NA
21044d5f,2018-04-30,World Bank approves $180 mln loan guarantee for Kenya's energy sector,https://www.reuters.com/article/kenya-worldbank-energy/world-bank-approves-180-mln-loan-guarantee-for-kenyas-energy-sector-idUSL8N1S7375,NEWS WB- All Streams,wb,NA
340d79e8,2018-02-12,Government secures $40m from World Bank to support free SHS,https://www.ghanaweb.com/GhanaHomePage/NewsArchive/Government-secures-40m-from-World-Bank-to-support-free-SHS-625783,NEWS WB- All Streams,wb,NA
21c8dc10,2018-02-24,AfDB approves RFTF with US$ 3 million,http://www.businessghana.com/site/news/business/160143/AfDB-approves-RFTF-with-US$-3-million,NEWS AFDB- All Streams,afdb,NA
b78eac50,2018-02-24,AfDB approves RFTF with US$ 3 million,http://www.businessghana.com/site/news/Business/160143/AfDB-approves-RFTF-with-US$-3-million,NEWS AFDB- All Streams,afdb,NA
2478dd5b,2018-05-22,Afghanistan awards 50 MW of hybrid solar projects,https://renewablesnow.com/news/afghanistan-awards-50-mw-of-hybrid-solar-projects-613419/,NEWS ADB - All Streams,adb,NA
f2f565d6,2018-03-19,ADB director reaffirms support for Afghanistan's infrastructure development,https://www.pajhwok.com/en/2018/03/19/adb-director-reaffirms-support-afghanistan%E2%80%99s-infrastructure-development,NEWS ADB - All Streams,adb,NA
166e847c,2018-03-01,EBRD to support capacity building of Azerbaijan's energy regulator,https://www.azernews.az/business/128042.html,NEWS EBRD - All streams,ebrd,NA
a183ec95,2018-02-27,ADB President Confirms Increased Financial Assistance to Bangladesh,http://feedproxy.google.com/~r/adb_news/~3/9GBV392aakE/adb-president-confirms-increased-financial-assistance-bangladesh,NEWS ADB - All Streams,adb,NA
e6a79ca2,2018-02-16,Japan Gives $700m Loan To AfDB,https://leadership.ng/2018/02/16/japan-gives-700m-loan-afdb/,NEWS AFDB- All Streams,afdb,NA
5eca9220,2018-05-31,"AfDB, GCF partner on 'Desert-to-Power' scheme",http://thenationonlineng.net/afdb-gcf-partner-on-desert-to-power-scheme/,NEWS AFDB- All Streams,afdb,NA
f1e63fb6,2018-02-27,Asian Infrastructure Investment Bank to invest $200 mn in NIIF,https://www.vccircle.com/asian-infrastructure-investment-bank-to-invest-200-mn-in-niif/,NEWS AIIB - All Streams,aiib,NA
aa4f370e,2018-01-18,ADB VP Reaffirms Commitment to Support Bangladesh on Implementing SDGs,http://moderndiplomacy.eu/2018/01/18/adb-vp-reaffirms-commitment-support-bangladesh-implementing-sdgs/,NEWS ADB - All Streams,adb,NA
f3ddad4,2018-05-07,"ADB, Ameriabank sign $30 mln equity investment agreement",http://www.panarmenian.net/eng/news/255180/ADB_Ameriabank_sign_30_mln_equity_investment_agreement,NEWS ADB - All Streams,adb,NA
6791fdef,2018-05-06,"ADB Loan, Equity to Ameriabank to Help Promote Financial Inclusion in Armenia",http://feedproxy.google.com/~r/adb_news/~3/6Ocpwy7LTa0/adb-loan-equity-ameriabank-help-promote-financial-inclusion-armenia,NEWS ADB - All Streams,adb,NA
fa918094,2018-05-10,EBRD supports modernization of Albania transport,http://www.world-grain.com/articles/news_home/World_Grain_News/2018/05/EBRD_supports_modernization_of.aspx?ID={B5AB62E2-FAA9-4F2A-B049-4FFFC019E7F7},NEWS EBRD - All streams,ebrd,NA
bc831237,2018-06-05,ADB ready to assist development of Armenia's energy sector,https://news.am/eng/news/455076.html,NEWS ADB - All Streams,adb,NA
db83b0fb,2018-05-30,EBRD to Finance Armenian Healthcare Reform,https://emerging-europe.com/in-brief/ebrd-to-finance-armenian-healthcare-reform/,NEWS EBRD - All streams,ebrd,NA
b979d1c5,2018-03-17,ADB to support implementation of projects within public-private partnership in Azerbaijan (Exclusive),http://menafn.com/1096606535/ADB-to-support-implementation-of-projects-within-publicprivate-partnership-in-Azerbaijan-Exclusive,NEWS ADB - All Streams,adb,NA
667c620f,2018-06-04,Search EBRD portfolio in Azerbaijan expands,https://news.az/articles/economy/131598,NEWS EBRD - All streams,ebrd,NA
85f28676,2018-04-09,EBRD increases its portfolio in Azerbaijan,https://en.trend.az/business/economy/2884342.html,NEWS EBRD - All streams,ebrd,NA
4fe6b679,2018-01-24,2017: A bad year for major South Asian infrastructure projects,https://www.dhakatribune.com/world/south-asia/2018/01/25/2017-bad-year-major-south-asian-infrastructure-projects/,NEWS ADB - All Streams,adb,NA
4b6435f4,2018-02-28,ADB raises Bangladesh aid package to $8 bln,https://www.reuters.com/article/bangladesh-adb-assistance/adb-raises-bangladesh-aid-package-to-8-bln-idUSL4N1QI4R2,NEWS ADB - All Streams,adb,NA
beee2d08,2018-02-22,ADB funds Bangladesh rail improvements,http://www.publicfinanceinternational.org/news/2018/02/adb-funds-bangladesh-rail-improvements,NEWS ADB - All Streams,adb,NA
4ffb27bc,2018-02-21,ADB Provides $360 Million for Rolling Stock to Boost Bangladesh Railway,http://moderndiplomacy.eu/2018/02/21/adb-provides-360-million-rolling-stock-boost-bangladesh-railway/,NEWS ADB - All Streams,adb,NA
3bb1ae7f,2018-02-21,ADB APPROVES US$360 MLN LOAN TO IMPROVE BANGLADESH RAILWAY,http://www.menafn.com/1096491040/ADB-APPROVES-US360-MLN-LOAN-TO-IMPROVE-BANGLADESH-RAILWAY,NEWS ADB - All Streams,adb,NA
c3c41427,2018-04-03,EBRD provides â‚¬5 million for energy efficiency in Bosnia,https://www.finchannel.com/business/72647-ebrd-provides-5-million-for-energy-efficiency-in-bosnia,NEWS EBRD - All streams,ebrd,NA
505a9a9f,2018-05-17,New EBRD financing to Bulgaria's ProCredit Bank,https://www.finchannel.com/business/banksandservices/73533-new-ebrd-financing-to-bulgaria-s-procredit-bank,NEWS EBRD - All streams,ebrd,NA
6d7a03fb,2018-03-11,Cambodia to get $40M from ADB's green fund,https://www.phnompenhpost.com/national/cambodia-get-40m-adbs-green-fund,NEWS ADB - All Streams,adb,NA
1b80d5b3,2018-03-20,ADB to launch $60M Labour Ministry program next year,http://www.phnompenhpost.com/business/adb-launch-60m-labour-ministry-program-next-year,NEWS ADB - All Streams,adb,NA
dc656183,2018-06-04,Riding the Rails: Phnom Penh's Airport Train Is a Milestone for Cambodia,http://time.com/5267530/cambodia-airport-railway-milestone-phnom-penh/,NEWS ADB - All Streams,adb,NA
dc140ca,2018-03-09,"ADB allocates $190 million for projects in Cambodia, Mongolia, Tajikistan",https://akipress.com/news:603345/,NEWS ADB - All Streams,adb,NA
2f06cecb,2018-03-21,ADB signs project of USD 250 mln with China to promote zero emissions heating,https://www.devdiscourse.com/Article/1903-adb-signs-project-of-usd-250-mln-with-china-to-promote-zero-emissions-heating?reg=East%20Africa,NEWS ADB - All Streams,adb,NA
fd06724e,2018-01-10,China Protests Australia Criticism of Chinese Aid in Pacific,https://www.usnews.com/news/business/articles/2018-01-10/china-protests-australia-criticism-of-chinese-aid-in-pacific,NEWS ADB - All Streams,adb,NA
ab451b2e,2018-05-04,Central Asian countries to gain from China's Belt and Road Initiative: ADB seminar,http://www.ecns.cn/business/2018/05-04/301426.shtml,NEWS ADB - All Streams,adb,NA
d61fe2cc,2018-04-29,"Pakistan plans to get $3 bn from China, launch $2.5 bn Eurobond",https://www.thenews.com.pk/print/310738-pakistan-plans-to-get-3-bn-from-china-launch-2-5-bn-eurobond,NEWS ADB - All Streams,adb,NA
210be45,2018-03-18,Egypt approves $1.5M loan from AFDB,https://www.egypttoday.com/Article/3/45584/Egypt-approves-1-5M-loan-from-AFDB,NEWS AFDB- All Streams,afdb,NA
c086ee45,2018-03-18,Egypt approves $1.5M loan from AfDB,https://www.egypttoday.com/Article/3/45584/Egypt-approves-1-5M-loan-from-AfDB,NEWS AFDB- All Streams,afdb,NA
671d9d05,2018-01-18,AFDB approves $500M in last tranche of its loan to Egypt,http://www.egypttoday.com/Article/3/40432/AFDB-approves-500M-in-last-tranche-of-its-loan-to,NEWS AFDB- All Streams,afdb,NA
c9744f91,2018-03-01,EBRD eyeing 25% shares of Egypt's upcoming public banks' IPOs,https://www.egypttoday.com/Article/3/44157/EBRD-eyeing-25-shares-of-Egypt-s-upcoming-public-banks,NEWS EBRD - All streams,ebrd,NA
979b19d9,2018-03-01,Interview: EBRD to invest at least â‚¬1B in Egypt in 2018,http://www.egypttoday.com/Article/3/44162/Interview-EBRD-to-invest-at-least-%E2%82%AC1B-in-Egypt-in,NEWS EBRD - All streams,ebrd,NA
ad73fecf,2018-01-18,AFDB approves third $500 mln tranche in support for Egypt's reform program,http://www.egyptindependent.com/afdb-approves-third-500-mln-tranche-in-support-for-egypts-reform-program/,NEWS AFDB- All Streams,afdb,NA
8fecc089,2018-01-22,EBRD provides Cairo Amman Bank with 20 million loan to boost small businesses in Jordan,http://petra.gov.jo/Public_News/Nws_NewsDetails.aspx?Site_Id=1&lang=2&NewsID=337258&CatID=-1,NEWS EBRD - All streams,ebrd,NA
86a13453,2018-02-15,EBRD forks out $52M on Egypt's yeast industry,https://www.egypttoday.com/Article/3/42939/EBRD-forks-out-52M-on-Egypt%E2%80%99s-yeast-industry,NEWS EBRD - All streams,ebrd,NA
fa5c72cf,2018-05-23,US talks about development assistance for Fiji and the rest of the Pacific,http://fijivillage.com/news-feature/US-talks-about-development-assistance-for-Fiji-and-the-rest-of-the-Pacific--rks529/,NEWS ADB - All Streams,adb,NA
509b480c,2018-05-09,"Minister: Only Georgia Has Free Trade Agreement with EU, China in Region",http://www.messenger.com.ge/issues/4133_may_4_2018/4133_econ_one.html,NEWS ADB - All Streams,adb,NA
ce98376b,2018-06-06,AfDB approves USD 15 mn loan for better access to mortgage financing in Ghana,https://www.devdiscourse.com/Article/21945-afdb-approves-usd-15-mn-loan-for-better-access-to-mortgage-financing-in-ghana,NEWS AFDB- All Streams,afdb,NA
e2ff1461,2018-03-13,Health bond worth 317 mln zlotys issued by EBRD,https://www.devdiscourse.com/Article/1417-health-bond-worth-317-mln-zlotys-issued-by-ebrd,NEWS EBRD - All streams,ebrd,NA
3d976c30,2018-02-21,EBRD joins Romanian-Spanish consortium in bid for Greek gas transporter,https://www.romania-insider.com/ebrd-consortium-greek-gas-transporter/,NEWS EBRD - All streams,ebrd,NA
37c87694,2018-03-21,"ADB, India sign $120 million loan",http://www.constructionweekonline.in/adb-india-sign-120-million-loan/,NEWS ADB - All Streams,adb,NA
5af7e01d,2018-02-14,Phase 1 of Chennai-Kanniyakumari Industrial Corridor Project requires Rs 91000 crore,http://www.newindianexpress.com/cities/chennai/2018/feb/15/phase-1-of-chennai-kanniyakumari-industrial-corridor-project-requires-rs-91000-crore-1773626.html,NEWS ADB - All Streams,adb,NA
d9186c9d,2018-01-31,Uttarakhand gets 'in principle agreement' for ADB loan,https://www.hindustantimes.com/dehradun/uttarakhand-gets-in-principle-agreement-for-adb-loan/story-GtVcsNKw5wPV7BfPzBuFFP.html,NEWS ADB - All Streams,adb,NA
97f72256,2018-03-28,Govt signs $80mn loan agreement with ADB to help boost youth employability in HP,https://news.webindia123.com/news/articles/India/20180328/3308454.html,NEWS ADB - All Streams,adb,NA
13fe4dae,2018-05-06,Begging bowl: Punjab govt to borrow another Rs11.50 bn loan from ADB,https://dunyanews.tv/en/Pakistan/438428-Begging-bowl-Punjab-govt-to-borrow-another-Rs11-50-bn-loan-from-ADB,NEWS ADB - All Streams,adb,NA
768ae0a2,2018-01-03,IndusInd Bank gets $500 mn from overseas lenders,http://www.thehindu.com/todays-paper/tp-business/indusind-bank-gets-500-mn-from-overseas-lenders/article22348869.ece,NEWS ADB - All Streams,adb,NA
a8373759,2018-05-03,ADB team meets Thakur over Rs 750-cr project,https://timesofindia.indiatimes.com/city/chandigarh/adb-team-meets-thakur-over-rs-750-cr-project/articleshow/64021879.cms,NEWS ADB - All Streams,adb,NA
1b92de5c,2018-03-29,$80 Million GoI-ADB Loan Agreement Signed for Himachal Youth Employment,http://leagueofindia.com/economy-development/80-million-goi-adb-loan-agreement-signed-for-himachal-youth-employment/,NEWS ADB - All Streams,adb,NA
f9ec271,2018-04-04,ADB signs project worth USD 207 million with Government of Mongolia,https://www.devdiscourse.com/Article/3044-adb-signs-project-worth-usd-207-million-with-government-of-mongolia,NEWS ADB - All Streams,adb,NA
9a847200,2018-01-21,Many development projects miss deadlines in Kashmir,http://www.businessworld.in/article/Many-development-projects-miss-deadlines-in-Kashmir/21-01-2018-137917,NEWS ADB - All Streams,adb,NA
6de090f0,2018-01-31,The Government of India and Asian Development Bank (ADB) sign $250 Million Loan,http://www.business-standard.com/article/news-cm/the-government-of-india-and-asian-development-bank-adb-sign-250-million-loan-118013100231_1.html,NEWS ADB - All Streams,adb,NA
1eb2afc2,2018-03-20,ADB unveils new vocational training project,http://www.khmertimeskh.com/50115184/adb-unveils-new-vocational-training-project/,NEWS ADB - All Streams,adb,NA
5283d1e,2018-03-10,"Asian Development Bank, International Solar Alliance sign pact to promote solar energy",https://energy.economictimes.indiatimes.com/news/renewable/asian-development-bank-international-solar-alliance-sign-pact-to-promote-solar-energy/63244828,NEWS ADB - All Streams,adb,NA
a279c94c,2018-01-23,CPPIB acquires 6.3% stake in India's ReNew Power for US$144 million,http://www.asiaasset.com/news/CPPIB_ReNew_Power_2301.aspx,NEWS ADB - All Streams,adb,NA
c0a2c36b,2018-01-31,India and ADB sign USD 250 million loan to improve rural connectivity in five states,https://www.jagranjosh.com/current-affairs/india-and-adb-sign-usd-250-million-loan-to-improve-rural-connectivity-in-five-states-1517382028-1,NEWS ADB - All Streams,adb,NA
d4aee3da,2018-05-05,"India asks ADB to invest in fintech, health startups",https://www.theweek.in/news/biz-tech/2018/05/05/india-asks-adb-to-invest-in-fintech-health-startups.html,NEWS ADB - All Streams,adb,NA
e53bfc00,2018-04-05,Telangana seeks ADB funding for infra projects,http://www.thehindu.com/news/cities/Hyderabad/telangana-seeks-adb-funding-for-infra-projects/article23447340.ece,NEWS ADB - All Streams,adb,NA
7e9ab7b4,2018-06-05,JK fails to avail ADB offer of Rs 4000 Cr loan,http://www.thenorthlines.com/jk-fails-to-avail-adb-offer-of-rs-4000-cr-loan/,NEWS ADB - All Streams,adb,NA
85a530b9,2018-02-27,AIIB approves $1.5 billion of loans to India for infrastructure projects,http://www.dnaindia.com/business/report-aiib-approves-15-billion-of-loans-to-india-for-infrastructure-projects-2589066,NEWS AIIB - All Streams,aiib,NA
dfef62fb,2018-02-27,AIIB approves $1.5 billion in loans to India for infrastructure projects,https://in.reuters.com/article/aiib-india-investment/aiib-approves-1-5-billion-in-loans-to-india-for-infrastructure-projects-idINKCN1GB0X9,NEWS AIIB - All Streams,aiib,NA
85be1530,2018-02-27,AIIB approves infra loans worth $1.5 billion to India,http://www.financialexpress.com/economy/aiib-approves-infra-loans-worth-1-5-billion-to-india/1082353/,NEWS AIIB - All Streams,aiib,NA
4efe222b,2018-02-27,UPDATE 1-AIIB approves $1.5 bln in loans to India for infrastructure projects,https://www.reuters.com/article/aiib-india-investment/update-1-aiib-approves-15-bln-in-loans-to-india-for-infrastructure-projects-idUSL4N1QH3SF,NEWS AIIB - All Streams,aiib,NA
bf063837,2018-02-27,UPDATE 1-AIIB approves $1.5 bln in loans to India for infrastructure projects,https://af.reuters.com/article/energyOilNews/idAFL4N1QH3SF,NEWS AIIB - All Streams,aiib,NA
db198a24,2018-02-27,AIIB approves $1.5bn in loans to India for infrastructure projects,https://www.dawn.com/news/1392209/aiib-approves-15bn-in-loans-to-india-for-infrastructure-projects,NEWS AIIB - All Streams,aiib,NA
592bc369,2018-03-01,AIIB approves USD 1.5 billion in loans to India for infrastructure projects in 2018,https://steelguru.com/infra/aiib-approves-usd-1-5-billion-in-loans-to-india-for-infrastructure-projects-in-2018/503536,NEWS AIIB - All Streams,aiib,NA
d7c2e69d,2018-02-27,AIIB approves $1.5 bln of loans to India for infrastructure projects,https://www.reuters.com/article/aiib-india-investment/aiib-approves-15-bln-of-loans-to-india-for-infrastructure-projects-idUSD8N1QA002,NEWS AIIB - All Streams,aiib,NA
81e70e90,2018-02-27,AIIB approves $1.5 billion of loans to India for infrastructure projects,http://www.business-standard.com/article/reuters/aiib-approves-1-5-billion-of-loans-to-india-for-infrastructure-projects-118022700522_1.html,NEWS AIIB - All Streams,aiib,NA
e00065aa,2018-02-27,AIIB approves $1.5 billion in loans to India,http://www.theweek.in/news/biz-tech/2018/02/27/aiib-approves-1-5-billion-in-loans-to-india-infrastructure.html,NEWS AIIB - All Streams,aiib,NA
5715a9ce,2018-02-27,AIIB approves $1.5 billion of loans to India for infrastructure projects,http://www.livemint.com/Industry/w9icp6SUtAYE9LUgcHUeiP/AIIB-approves-15-billion-of-loans-to-India-for-infrastruct.html,NEWS AIIB - All Streams,aiib,NA
61d52a78,2018-02-27,AIIB approves $1.5b in loans to India for infrastructure projects,https://www.dealstreetasia.com/stories/aiib-approves-loans-india-infrastructure-93255/,NEWS AIIB - All Streams,aiib,NA
ef30e4c,2018-02-27,AIIB approves $1.5bn in loans to India for infrastructure projects,https://www.dawn.com/news/1392209/aiib-approves-15bn-in-loans-to-india-for-infrastructure-projects,NEWS AIIB - All Streams,aiib,NA
641b7d6b,2018-03-01,AIIB approves USD 1.5 billion in loans to India for infrastructure projects in 2018,https://steelguru.com/auto/aiib-approves-usd-1-5-billion-in-loans-to-india-for-infrastructure-projects-in-2018/503536?type=infra,NEWS AIIB - All Streams,aiib,NA
8a09b472,2018-02-27,AIIB approves infra loans worth $1.5 billion to India,http://www.financialexpress.com/economy/aiib-approves-infra-loans-worth-1-5-billion-to-india/1082353/,NEWS AIIB - All Streams,aiib,NA
8a78225,2018-02-27,AIIB approves $1.5 billion in loans to India for infrastructure projects,https://in.reuters.com/article/aiib-india-investment/aiib-approves-15-billion-in-loans-to-india-for-infrastructure-projects-idINKCN1GB0X9,NEWS AIIB - All Streams,aiib,NA
db32763c,2018-02-27,AIIB approves $1.5-bn in loans to India for infrastructure projects,http://www.business-standard.com/article/economy-policy/aiib-approves-1-5-bn-in-loans-to-india-for-infrastructure-projects-118022700522_1.html,NEWS AIIB - All Streams,aiib,NA
7ef4c6b4,2018-02-27,AIIB approves $1.5bn in loans to India for infrastructure projects,https://www.dawn.com/news/1392209,NEWS AIIB - All Streams,aiib,NA
20ec5b6a,2018-02-27,AIIB approves $1.5-bn in loans to India for infrastructure projects,http://www.business-standard.com/article/economy-policy/aiib-approves-1-5-bn-in-loans-to-india-for-infrastructure-projects-118022700522_1.html,NEWS AIIB - All Streams,aiib,NA
b85b4f59,2018-02-27,AIIB approves $1.5 billion in loans to India for infrastructure projects,https://in.reuters.com/article/aiib-india-investment/aiib-approves-1-5-billion-in-loans-to-india-for-infrastructure-projects-idINKCN1GB0X9,NEWS AIIB - All Streams,aiib,NA
7af6ae68,2018-05-03,Additional ADB loan for Himachal tourism projects,http://www.business-standard.com/article/news-ians/additional-adb-loan-for-himachal-tourism-projects-118050301078_1.html,NEWS ADB - All Streams,adb,NA
185416ad,2018-02-01,"India, ADB sign USD 250 million loan agreement for rural roads - Ministry",https://steelguru.com/auto/india-adb-sign-usd-250-million-loan-agreement-for-rural-roads-ministry/501261?type=infra,NEWS ADB - All Streams,adb,NA
2c5eb76c,2018-01-09,"$180m agreement signed for roads, water and poverty",http://www.khmertimeskh.com/50100851/180m-agreement-signed-roads-water-poverty/,NEWS ADB - All Streams,adb,NA
f24ee68,2018-03-16,"Centre, ADB ink $120mn loan agreement to improve rail infrastructure",http://www.business-standard.com/article/news-ani/centre-adb-ink-120mn-loan-agreement-to-improve-rail-infrastructure-118031700126_1.html,NEWS ADB - All Streams,adb,NA
ee5530a3,2018-02-27,AIIB approves $1.5 bln of loans to India for infrastructure projects,https://www.reuters.com/article/aiib-india-investment/aiib-approves-1-5-bln-of-loans-to-india-for-infrastructure-projects-idUSD8N1QA002,NEWS AIIB - All Streams,aiib,NA
872d8f9e,2018-03-17,ADB to lend $120 mn for improving Indian rail infrastructure,http://www.smetimes.in/smetimes/news/industry/2018/Mar/17/adb-to-lend-120-mn-for-improving-indian-rail36983.html,NEWS ADB - All Streams,adb,NA
44fcbdb7,2018-06-01,ADB agrees $375m loan for Madhya Pradesh irrigation project,https://www.txfnews.com/Ticker/Redirect/84616fcd-23d5-4964-8f72-a13f333eef2c?ShowSmallPage=True,NEWS ADB - All Streams,adb,NA
9309ba84,2018-02-06,Move on to ensure 24X7 water supply,http://www.thehindu.com/news/cities/Thiruvananthapuram/move-on-to-ensure-24x7-water-supply/article22670312.ece,NEWS ADB - All Streams,adb,NA
4e3e12be,2018-02-24,"Union Government, ADB sign $ 84 million loan for expansion of water supply in Bihar",https://www.jagranjosh.com/current-affairs/union-government-adb-sign-84-million-loan-for-expansion-of-water-supply-in-bihar-1519460467-1,NEWS ADB - All Streams,adb,NA
c52b499b,2018-05-31,ADB approves loan to improve Madhya Pradesh's irrigation system,http://www.business-standard.com/article/news-ians/adb-approves-loan-to-improve-madhya-pradesh-s-irrigation-system-118053100916_1.html,NEWS ADB - All Streams,adb,NA
44afb913,2018-02-23,ADB to give $84 mn loan for water projects in Bihar,https://www.indiatoday.in/pti-feed/story/adb-to-give-84-mn-loan-for-water-projects-in-bihar-1176007-2018-02-23,NEWS ADB - All Streams,adb,NA
eb96cf04,2018-05-31,ADB approves loan to improve Madhya Pradesh's irrigation system,https://www.thequint.com/hotwire-text/adb-approves-loan-to-improve-madhya-pradesh-s-irrigation-system,NEWS ADB - All Streams,adb,NA
4e6932a3,2018-02-23,ADB to give $84 mn loan for water projects in Bihar,http://www.tribuneindia.com/news/nation/adb-to-give-84-mn-loan-for-water-projects-in-bihar/548471.html,NEWS ADB - All Streams,adb,NA
a6eac190,2018-02-23,Asian Development Bank to give $84 mn loan for water projects in Bihar,http://www.dnaindia.com/business/report-asian-development-bank-to-give-84-mn-loan-for-water-projects-in-bihar-2587835,NEWS ADB - All Streams,adb,NA
f7efd068,2018-02-26,The ADB signs $84bn water improvements loan agreement with India,http://www.publicfinanceinternational.org/news/2018/02/adb-signs-84bn-water-improvements-loan-agreement-india,NEWS ADB - All Streams,adb,NA
5ebbe86,2018-02-02,Sewage network issue rocks council meeting,http://www.thehindu.com/todays-paper/tp-national/tp-karnataka/sewage-network-issue-rocks-council-meeting/article22616515.ece,NEWS ADB - All Streams,adb,NA
5c66162d,2018-01-21,Development projects miss deadlines in Kashmir,https://kashmirreader.com/2018/01/22/development-projects-miss-deadlines-in-kashmir/,NEWS ADB - All Streams,adb,NA
ae40e345,2018-05-05,India lists focus areas for ADB,https://www.telegraphindia.com/business/india-lists-focus-areas-for-adb-228343?ref=business-new-stry,NEWS ADB - All Streams,adb,NA
866501ea,2018-03-28,Government of India and Asian Development Bank (ADB) sign $80 Million Loan Agreement to help boost Youth ...,http://www.business-standard.com/article/news-cm/government-of-india-and-asian-development-bank-adb-sign-80-million-loan-agreement-to-help-boost-youth-employability-in-state-of-himachal-pradesh-118032800529_1.html,NEWS ADB - All Streams,adb,NA
e66fab25,2018-01-04,African Development Bank Board approves third sovereign lending instrument,https://www.newkerala.com/news/fullnews-311067.html,NEWS AFDB- All Streams,afdb,NA
136abf60,2018-05-24,ADB finances Vena's 42MW of large-scale solar projects in Indonesia,https://www.pv-tech.org/news/adb-finances-venas-42mw-of-large-scale-solar-projects-in-indonesia,NEWS ADB - All Streams,adb,NA
c22150c0,2018-05-21,Asian Development on developing Indonesia's geothermal power potential,http://www.thinkgeoenergy.com/asian-development-on-developing-indonesias-geothermal-power-potential/,NEWS ADB - All Streams,adb,NA
64dcdae9,2018-03-26,ADB commits US$175.3 million in geothermal energy development in Western Indonesia,https://www.opengovasia.com/articles/adb-commits-us-175-3-million-in-geothermal-energy-development-in-western-indonesia,NEWS ADB - All Streams,adb,NA
253aceb9,2018-05-27,ADB finances first ever utility-scale solar PV plant in Indonesia,https://esg.theasset.com/ESG/34552/adb-finances-first-ever-utility-scale-solar-pv-plant-in-indonesia,NEWS ADB - All Streams,adb,NA
ed532d6f,2018-05-23,ADB Finances First Ever Utility-Scale Solar PV Plants in Indonesia in $160 Million Renewables Deal,http://feedproxy.google.com/~r/adb_news/~3/D5wABhGD36c/adb-finances-first-ever-utility-scale-solar-pv-plants-indonesia-160-million-renewables-deal,NEWS ADB - All Streams,adb,NA
484f9b09,2018-05-24,ADB providing funds for 42 MW of utility-scale solar in Indonesia,https://renewablesnow.com/news/adb-providing-funds-for-42-mw-of-utility-scale-solar-in-indonesia-613776/,NEWS ADB - All Streams,adb,NA
c053329b,2018-05-24,ADB to Finance Solar Projects Worth $40 Million in Indonesia,https://mercomindia.com/adb-finance-solar-projects-indonesia/,NEWS ADB - All Streams,adb,NA
eeb66253,2018-02-16,Bank of Japan's 'bazooka-wielding' Kuroda nominated for second term,https://dailytimes.com.pk/203403/bank-japans-bazooka-wielding-kuroda-nominated-second-term/,NEWS ADB - All Streams,adb,NA
b36c06d1,2018-05-30,"EBRD, EU to finance wastewater network in Jordan",https://www.txfnews.com/Ticker/Redirect/8fbe86e1-a1bd-4b73-a98b-f567c90813b5?ShowSmallPage=True,NEWS EBRD - All streams,ebrd,NA
d6bffb72,2018-05-10,EBRD offers $1 billion to finance infrastructure projects in Jordan,http://www.jordantimes.com/news/local/ebrd-offers-1-billion-finance-infrastructure-projects-jordan,NEWS EBRD - All streams,ebrd,NA
d6de9db6,2018-02-13,EBRD may finance Astana gasification project,https://www.azernews.az/region/127099.html,NEWS EBRD - All streams,ebrd,NA
b9ade12b,2018-05-01,"ADB Signs Agreements to Help Kiribati, Nauru Access High-Speed Internet",http://feedproxy.google.com/~r/adb_news/~3/80Sz1pa4AFg/adb-signs-agreements-help-kiribati-nauru-access-high-speed-internet,NEWS ADB - All Streams,adb,NA
2ee1b4f,2018-05-02,ADB to help Kiribati and Nauru to get high speed internet,https://www.devdiscourse.com/Article/5951-adb-to-help-kiribati-and-nauru-to-get-high-speed-internet/Pacific,NEWS ADB - All Streams,adb,NA
b254177c,2018-02-01,"ADB partners with Kyrgyzstan to secure water resources, combat climate change",https://akipress.com/news:601790,NEWS ADB - All Streams,adb,NA
b99d0fe3,2018-04-30,IFC and EBRD back first Lebanon green bond issue,https://www.txfnews.com/Ticker/Redirect/9d2489be-f780-431c-be75-36db5a9079e4?ShowSmallPage=True,NEWS EBRD - All streams,ebrd,ifc
e87fa9d1,2018-03-15,EBRD's first Lebanon deal is 2.51 pct equity stake in Bank Audi,https://www.reuters.com/article/lebanon-economy-ebrd-banks/ebrds-first-lebanon-deal-is-2-51-pct-equity-stake-in-bank-audi-idUSL8N1QX3EH,NEWS EBRD - All streams,ebrd,NA
e31030c3,2018-05-16,AfDB approves USD 20 million facility to boost lending to SMEs in Liberia,https://www.devdiscourse.com/Article/7784-afdb-approves-usd-20-million-facility-to-boost-lending-to-smes-in-liberia,NEWS AFDB- All Streams,afdb,NA
137b8a73,2018-05-18,African Development Bank Approves US$20 Million Facility to Boost Lending to SMEs in Liberia,http://allafrica.com/stories/201805180792.html,NEWS AFDB- All Streams,afdb,NA
eb7057ff,2018-05-21,AfDB approves $20mln facility to boost lending to SMEs in Liberia,https://www.zawya.com/mena/en/story/AfDB_approves_20mln_facility_to_boost_lending_to_SMEs_in_Liberia-SNG_116906804/,NEWS AFDB- All Streams,afdb,NA
5a800a81,2018-05-17,AfDB approves $20m loan to boost lending to SMEs in Liberia,https://www.businessamlive.com/afdb-approves-20m-loan-to-boost-lending-to-smes-in-liberia/,NEWS AFDB- All Streams,afdb,NA
e3b799bb,2018-05-16,AfDB approves $20m facility to boost lending to SMEs in Liberia,https://www.worldstagegroup.com/afdb-approves-20m-facility-to-boost-lending-to-smes-in-liberia/,NEWS AFDB- All Streams,afdb,NA
cdef76b5,2018-05-17,African Development Bank Approves US$20 Million Facility To Boost Lending To SMEs In Liberia,https://www.modernghana.com/news/854639/african-development-bank-approves-us20-million-facility-to.html,NEWS AFDB- All Streams,afdb,NA
fb0bfd42,2018-05-19,AfDB approves $20 million facility to boost lending to SMEs in Liberia,http://cpifinancial.net/news/post/45068/afdb-approves-20-million-facility-to-boost-lending-to-smes-in-liberia,NEWS AFDB- All Streams,afdb,NA
59c5bd60,2018-01-11,Prez. Sirleaf Dedicates US$8M Water Treatment Plant,https://www.liberianobserver.com/news/prez-sirleaf-dedicates-us8m-water-treatment-plant/,NEWS AFDB- All Streams,afdb,NA
b3cfbed5,2018-01-22,USD 126 million project to develop Thilafushi,https://english.sun.mv/47036,NEWS ADB - All Streams,adb,NA
20a0d26,2018-04-01,"ADB, World Bank Support High-Speed Internet for Micronesia",http://feedproxy.google.com/~r/adb_news/~3/ThyOXbidAZ8/adb-world-bank-support-high-speed-internet-micronesia,NEWS ADB - All Streams,adb,wb
12cd71cd,2018-04-04,ADB agrees $207m deal with Mongolia,http://www.publicfinanceinternational.org/news/2018/04/adb-agrees-207m-deal-mongolia,NEWS ADB - All Streams,adb,NA
4b5c91e0,2018-04-04,"Asian Development Bank Finances Mongolia To Improve Air Quality, Education",https://www.urdupoint.com/en/education/asian-development-bank-finances-mongolia-to-i-304395.html,NEWS ADB - All Streams,adb,NA
93cad317,2018-05-09,EBRD approves $31.6m loan for solar plant in Mongolia,http://solar.energy-business-review.com/news/ebrd-approves-316m-loan-for-solar-plant-in-mongolia-6145398,NEWS EBRD - All streams,ebrd,NA
27b90da8,2018-03-27,ADB approves 130 mln USD loan to improve air quality in Ulan Bator,http://www.xinhuanet.com/english/2018-03/28/c_137070059.htm,NEWS ADB - All Streams,adb,NA
467233d8,2018-04-04,"Mongolia: ADB Projects $207 Million to Improve Air Quality, Education and Inclusiveness",https://moderndiplomacy.eu/2018/04/04/mongolia-adb-projects-207-million-to-improve-air-quality-education-and-inclusiveness/,NEWS ADB - All Streams,adb,NA
22cd88d8,2018-03-26,ADB to provide Mongolia $130 million loan to help improve public health,https://akipress.com/news:604038/,NEWS ADB - All Streams,adb,NA
7047b3e,2018-01-23,"Mongolia, ADB discuss implementation of projects",https://akipress.com/news:601281/,NEWS ADB - All Streams,adb,NA
8c19ae6d,2018-05-08,EBRD finances largest solar power plant in Mongolia,https://www.txfnews.com/Ticker/Redirect/fafc0b19-ee7f-4c92-8ca0-b4a7857b0c6d?ShowSmallPage=True,NEWS EBRD - All streams,ebrd,NA
128e8ea1,2018-02-27,EBRD gives 20-mln-euro loan to Turkish-run Port of Bar in Montenegro,http://www.hurriyetdailynews.com/euro-bank-gives-20-mln-loan-to-turkish-run-port-of-bar-in-montenegro-127958,NEWS EBRD - All streams,ebrd,NA
b147f03d,2018-02-27,EBRD providing 20 mln euro loan to Montenegro's Port of Adria,http://www.hellenicshippingnews.com/ebrd-providing-20-mln-euro-loan-to-montenegros-port-of-adria/,NEWS EBRD - All streams,ebrd,NA
db3d769d,2018-02-06,Morocco secures $2 billion funding from AfDB,http://medafricatimes.com/15069-morocco-secures-2-billion-funding-from-afdb.html,NEWS AFDB- All Streams,afdb,NA
9e3e8365,2018-01-23,India-Myanmar-Thailand Trilateral Highway by 2019: Nitin Gadkari,http://www.livemint.com/Politics/hdV9E00I5CwSrKmSheAu6M/IndiaMyanmarThailand-Trilateral-Highway-by-2019-Nitin-Gad.html,NEWS ADB - All Streams,adb,NA
fe10bb5b,2018-01-29,"ADB, Green Climate Fund, Australia Help Upgrade, Climate-Proof Port in Nauru",http://www.finchannel.com/business/71078-adb-green-climate-fund-australia-help-upgrade-climate-proof-port-in-nauru,NEWS ADB - All Streams,adb,NA
4c02b343,2018-02-12,ADB provides USD 100 million loan assistance to Nepal,http://kathmandupost.ekantipur.com/news/2018-02-12/adb-provides-usd-100-million-loan-assistance-to-nepal.html,NEWS ADB - All Streams,adb,NA
f470e5fd,2018-01-29,"ADB, Nepal government funded mountain project bears no fruit",https://thehimalayantimes.com/nepal/asian-development-bank-nepal-government-funded-mountain-project-bears-no-fruit/,NEWS ADB - All Streams,adb,NA
756cf079,2018-02-21,Nepal rural roads upgrade plan,http://www.worldhighways.com/categories/auctions-equipment-supply-servicing-finance/news/nepal-rural-roads-upgrade-plan/,NEWS ADB - All Streams,adb,NA
c0f4e98d,2018-04-30,Panel to fix payment for leaving projects,http://kathmandupost.ekantipur.com/news/2018-05-01/panel-to-fix-payment-for-leaving-projects.html,NEWS ADB - All Streams,adb,NA
8a7b6e4e,2018-05-18,AfDB approves $100 mln loan for Nigeria's Indorama Eleme â€“ statement,http://www.businessdayonline.com/afdb-approves-100-mln-loan-nigerias-indorama-eleme-statement/,NEWS AFDB- All Streams,afdb,NA
fd40b925,2018-05-18,AfDB approves $100m loan to boost Nigerian fertilizer production,https://www.txfnews.com/Tracker/Details/5425a2a1-ce40-4dcf-baee-02baa04c1206/AfDB-approves-100m-loan-to-boost-Nigerian-fertilizer-production,NEWS AFDB- All Streams,afdb,NA
fc91d49a,2018-02-06,Nigeria: AfDB Approves US$10 Million Loan to Boost Fund's Portfolio in Africa,http://allafrica.com/stories/201802060654.html,NEWS AFDB- All Streams,afdb,NA
8c84a011,2018-05-15,AfDB approves US$1.5mn grant for Jigawa on-grid IPP solar power procurement programme in Nigeria,http://www.africanreview.com/energy-a-power/renewables/afdb-approves-us-1-5mn-grant-for-jigawa-on-grid-ipp-solar-power-procurement-programme-in-nigeria,NEWS AFDB- All Streams,afdb,NA
fbc643cb,2018-05-17,AfDB approves $100 mln loan for Nigeria's Indorama Eleme - statement,https://af.reuters.com/article/nigeriaNews/idAFL5N1SO616,NEWS AFDB- All Streams,afdb,NA
31077bc8,2018-02-06,Nigeria: AfDB Approves US$10 Million Loan to Boost Fund's Portfolio in Africa,http://allafrica.com/stories/201802060654.html,NEWS AFDB- All Streams,afdb,NA
5f3f5ed7,2018-05-17,AfDB approves $100 mln loan for Nigeria's Indorama Eleme - statement,https://af.reuters.com/article/commoditiesNews/idAFL5N1SO616,NEWS AFDB- All Streams,afdb,NA
905d631f,2018-05-17,AfDB approves $100 mln loan for Nigeria's Indorama Eleme - statement,https://www.reuters.com/article/nigeria-afrcn-dvlpmnt/afdb-approves-100-mln-loan-for-nigerias-indorama-eleme-statement-idUSL5N1SO616,NEWS AFDB- All Streams,afdb,NA
e786d435,2018-05-10,Nigeria to achieve 75% electricity access by 2020 as AfDB approves $1.5m for on-grid IPP solar power,https://www.businessamlive.com/nigeria-to-achieve-75-electricity-access-by-2020-as-afdb-approves-1-5m-for-on-grid-ipp-solar-power/,NEWS AFDB- All Streams,afdb,NA
1b259ea5,2018-05-17,AfDB approves $100 mln loan for Nigeria's Indorama Eleme,https://www.nasdaq.com/article/afdb-approves-100-mln-loan-for-nigerias-indorama-eleme-20180517-01051,NEWS AFDB- All Streams,afdb,NA
a8bf66b8,2018-05-20,Nigeria: AfDB Approves $100M Loan for Fertiliser Firm in Nigeria,http://allafrica.com/stories/201805210061.html,NEWS AFDB- All Streams,afdb,NA
c1ed8c04,2018-01-23,AfDB Will Raise Nigeria's Loan Portfolio To $8bn,https://leadership.ng/2018/01/24/afdb-will-raise-nigerias-loan-portfolio-8bn/,NEWS AFDB- All Streams,afdb,NA
ce3e6ed1,2018-05-21,African Development Bank approves loan for fertilizer production expansion,https://www.worldfertilizer.com/project-news/21052018/african-development-bank-approves-loan-for-fertilizer-production-expansion/,NEWS AFDB- All Streams,afdb,NA
c645ddb5,2018-05-05,AfDB approves $1.5 million for Jigawa power project,https://www.today.ng/news/nigeria/111381/afdb-approves-1-5-jigawa-power-project,NEWS AFDB- All Streams,afdb,NA
d25f8fc1,2018-06-06,ADB Supports Over $1 Billion in Clean Energy Investments in the Pacific Until 2021 â€” Report,http://feedproxy.google.com/~r/adb_news/~3/_MztR3IF3K4/adb-supports-over-1-billion-clean-energy-investments-pacific-until-2021-report,NEWS ADB - All Streams,adb,NA
253a968b,2018-05-14,"ADB, Pakistan agree to scale up PPPs",https://nation.com.pk/15-May-2018/adb-pakistan-agree-to-scale-up-ppps,NEWS ADB - All Streams,adb,NA
a8f8c4d0,2018-05-14,ADB to enhance funding towards public-private partnership investments in Pakistan,https://www.dawn.com/news/1407720/adb-to-enhance-funding-towards-public-private-partnership-investments-in-pakistan,NEWS ADB - All Streams,adb,NA
b2455560,2018-02-17,A catastrophe in the making,http://tns.thenews.com.pk/catastrophe-making/,NEWS ADB - All Streams,adb,NA
d56e4818,2018-03-20,ADB agrees to loan $260mln for power transmission,https://www.thenews.com.pk/print/294938-adb-agrees-to-loan-260mln-for-power-transmission,NEWS ADB - All Streams,adb,NA
6cf77733,2018-02-19,KP government running on foreign loans,https://www.pakistantoday.com.pk/2018/02/19/kp-government-running-on-foreign-loans/,NEWS ADB - All Streams,adb,NA
2496ceac,2018-03-12,KP govt obtained Rs80b loans since Feb 2017,https://www.thenews.com.pk/print/291731-kp-govt-obtained-rs80b-loans-since-feb-2017,NEWS ADB - All Streams,adb,NA
9f4ba649,2018-03-20,ADB provides USD 260 Million to Pakistan to expand power transmission network,https://www.devdiscourse.com/Article/1823-adb-provides-usd-260-million-to-pakistan-to-expand-power-transmission-network,NEWS ADB - All Streams,adb,NA
fb54edf8,2018-02-15,NHA to complete 10 mega projects this year,https://www.thenews.com.pk/print/281767-nha-to-complete-10-mega-projects-this-year,NEWS ADB - All Streams,adb,NA
ae043206,2018-03-20,$260m accord inked with ADB to improve power transmission network,https://nation.com.pk/21-Mar-2018/260m-accord-inked-with-adb-to-improve-power-transmission-network,NEWS ADB - All Streams,adb,NA
d609d5a7,2018-03-20,$260m accord inked with ADB to improve power transmission network,https://nation.com.pk/21-Mar-2018/260m-accord-inked-with-adb-to-improve-power-transmission-network,NEWS ADB - All Streams,adb,NA
896de8db,2018-01-12,'Inefficient' PTI govt fails to launch 260 mini hydropower stations,https://www.thenews.com.pk/print/267722-inefficient-pti-govt-fails-to-launch-260-mini-hydropower-stations,NEWS ADB - All Streams,adb,NA
5ff8164d,2018-06-06,ADB to help generating 5204MW hydro power in KPK by 2026,https://dnd.com.pk/adb-to-help-generating-5204mw-hydro-power-in-kpk-by-2026/143018,NEWS ADB - All Streams,adb,NA
a5b2668c,2018-01-21,Dam to be built at Mehmood Booti for storing water,https://pakobserver.net/dam-built-mehmood-booti-storing-water/,NEWS ADB - All Streams,adb,NA
4e07fb1b,2018-06-04,South Asia's first underground bus station to be constructed at Numaish,https://tribune.com.pk/story/1726904/1-south-asias-first-underground-bus-station-constructed-numaish/,NEWS ADB - All Streams,adb,NA
cbc769fe,2018-02-19,ADB assures commercial co-financing for Pak Railways' projects,https://pakobserver.net/adb-assures-commercial-co-financing-pak-railways-projects/,NEWS ADB - All Streams,adb,NA
8e32995e,2018-03-18,Land kept 'for sewage treatment' in 1989 allotted for other purposes,https://dailytimes.com.pk/216751/land-kept-for-sewage-treatment-in-1989-allotted-for-other-purposes/,NEWS ADB - All Streams,adb,NA
7a8b85c4,2018-02-18,ADB-funded project to improve Balochistan's water situation,https://www.dawn.com/news/1390295/adb-funded-project-to-improve-balochistans-water-situation,NEWS ADB - All Streams,adb,NA
206f4687,2018-01-12,ADB to help Punjab govt clean Ravi River: report,https://www.pakistantoday.com.pk/2018/01/12/adb-to-help-punjab-govt-clean-ravi-river-report/,NEWS ADB - All Streams,adb,NA
c1cb3022,2018-02-18,ADB-funded project to improve Balochistan's water situation,https://www.dawn.com/news/1390295,NEWS ADB - All Streams,adb,NA
15a04560,2018-04-10,Asian Development Bank To Give Loan For IT Park In Karachi,https://www.urdupoint.com/en/technology/asian-development-bank-to-give-loan-for-it-p-311016.html,NEWS ADB - All Streams,adb,NA
b9579c72,2018-05-31,ADB $195 Million Loans to Support PNG's Efforts Towards Achieving Universal Health Coverage,http://feedproxy.google.com/~r/adb_news/~3/EVgVecM_0ZI/adb-195-million-loans-support-pngs-efforts-towards-achieving-universal-health-coverage,NEWS ADB - All Streams,adb,NA
f489c346,2018-06-01,ADB grants 195 mln dollars loan to support Papua New Guinea's health program,http://www.xinhuanet.com/english/2018-06/01/c_137222859.htm,NEWS ADB - All Streams,adb,NA
d3fe7106,2018-06-04,ADB gives healthcare in Papua New Guinea a shot in the arm,http://www.publicfinanceinternational.org/news/2018/06/adb-gives-healthcare-papua-new-guinea-shot-arm,NEWS ADB - All Streams,adb,NA
7de320f7,2018-06-07,ADB hopes loan will restore public confidence in PNG health,http://www.radionz.co.nz/international/pacific-news/359105/adb-hopes-loan-will-restore-public-confidence-in-png-health,NEWS ADB - All Streams,adb,NA
19eddda3,2018-04-04,ADB grants funds to PNG for quake recovery,https://www.radionz.co.nz/international/pacific-news/354196/adb-grants-funds-to-png-for-quake-recovery,NEWS ADB - All Streams,adb,NA
3780e7fb,2018-01-10,"PH, ADB seal $680-M loan packages",http://www.manilatimes.net/ph-adb-seal-680-m-loan-packages/373572/,NEWS ADB - All Streams,adb,NA
58ad90a3,2018-05-03,ADB vows to fund more Mindanao projects,https://www.rappler.com/business/201704-asian-development-bank-meeting-2018-philippines,NEWS ADB - All Streams,adb,NA
9eba5673,2018-02-14,ADB opens new renewable energy facility in Yap Island,http://www.power-technology.com/news/adb-opens-new-renewable-energy-facility-yap-island/,NEWS ADB - All Streams,adb,NA
3ea04757,2018-04-26,ADB will provide USD 17.9 bln investment to Philippines,https://www.devdiscourse.com/Article/5259-adb-will-provide-usd-179-bln-investment-to-philippines/East%20and%20South%20East%20Asia,NEWS ADB - All Streams,adb,NA
7ab4e88,2018-01-12,Asian Development Bank Urges Philippines to be 'Serious' About Rebuilding Marawi,http://www.benarnews.org/english/news/philippine/marawi-bank-01122018143832.html,NEWS ADB - All Streams,adb,NA
bea24f6f,2018-01-14,P25B Mindanao infra projects set to start,http://www.manilatimes.net/p25b-mindanao-infra-projects-set-start/374378/,NEWS ADB - All Streams,adb,NA
9f7ae0d0,2018-02-13,DPWH signs $11-B infra deal for 'Buildâ€ program,https://news.mb.com.ph/2018/02/13/dpwh-signs-11-b-infra-deal-for-build-program/,NEWS ADB - All Streams,adb,NA
fb894e7e,2018-01-29,PNOC taps ADB to study LNG project proposals,https://business.mb.com.ph/?p=33439,NEWS ADB - All Streams,adb,NA
db04af38,2018-01-30,ADB to Advise on Philippines' First LNG Hub Project,https://moderndiplomacy.eu/2018/01/30/adb-advise-philippines-first-lng-hub-project/,NEWS ADB - All Streams,adb,NA
bbcf066a,2018-01-30,ADB to Advise on Philippines' First LNG Hub Project,https://moderndiplomacy.eu/2018/01/30/adb-advise-philippines-first-lng-hub-project/,NEWS ADB - All Streams,adb,NA
9220f5f,2018-01-29,ADB to Advise on Philippines' First LNG Hub Project,http://feedproxy.google.com/~r/adb_news/~3/RXJ-2unNSkM/adb-advise-philippines-first-lng-hub-project,NEWS ADB - All Streams,adb,NA
c6164507,2018-01-10,ICT Investment Trends in the Philippines: Technology and business initiatives push ICT investments strategy,http://www.satprnews.com/2018/01/11/ict-investment-trends-in-the-philippines-technology-and-business-initiatives-push-ict-investments-strategy/,NEWS ADB - All Streams,adb,NA
7994f4ab,2018-02-12,"ADB Helps Philippines Bring in High-Technology Support for 'Build, Build, Build' Projects",http://feedproxy.google.com/~r/adb_news/~3/g5yj473Ju7U/adb-helps-philippines-bring-high-technology-support-build-build-build-projects,NEWS ADB - All Streams,adb,NA
ff1acf6a,2018-02-14,"ADB Helps Philippines Bring in High-Technology Support for 'Build, Build, Build' Projects",http://moderndiplomacy.eu/2018/02/14/adb-helps-philippines-bring-high-technology-support-build-build-build-projects/,NEWS ADB - All Streams,adb,NA
71f0a12f,2018-02-19,Arup to help Philippines build $11bn worth of infrastructure,http://www.globalconstructionreview.com/news/arup-help-philippines-build-11bn-worth-infrastruct/,NEWS ADB - All Streams,adb,NA
538e26c7,2018-03-31,"Philippines, Asian Development Bank put up $164-million funding for infrastructure studies",https://www.philstar.com/business/2018/04/01/1801589/philippines-asian-development-bank-put-164-million-funding-infrastructure-studies,NEWS ADB - All Streams,adb,NA
a7b7c12a,2018-06-06,ADB urges PH gov't to push for new energy technologies,http://www.pna.gov.ph/articles/1037761,NEWS ADB - All Streams,adb,NA
5f0beb57,2018-03-18,Philippines now a net borrower,https://www.philstar.com/business/2018/03/19/1798058/philippines-now-net-borrower,NEWS ADB - All Streams,adb,NA
16c1c0f0,2018-05-05,"Philippines urges ADB to help ""future-proof"" members against ""disruptive change""",http://www.xinhuanet.com/english/2018-05/05/c_137157692.htm,NEWS ADB - All Streams,adb,NA
f6aa1fe2,2018-05-18,Delayed implementation of E-Trikes project costs gov't P94 M â€“ COA,https://news.mb.com.ph/2018/05/19/delayed-implementation-of-e-trikes-project-costs-govt-p94-m-coa/,NEWS ADB - All Streams,adb,NA
b1cf780b,2018-01-29,ADB Appoints New Country Director for the Philippines,http://www.finchannel.com/business/71079-adb-appoints-new-country-director-for-the-philippines,NEWS ADB - All Streams,adb,NA
478f8a3d,2018-05-05,ADB sticks to robust growth outlook for Philippines,https://www.philstar.com/business/2018/05/06/1812446/adb-sticks-robust-growth-outlook-philippines,NEWS ADB - All Streams,adb,NA
86363bd1,2018-01-12,EBRD supports consolidation of Romania's water services,http://www.finchannel.com/~finchannel/business/70796-ebrd-supports-consolidation-of-romania-s-water-services,NEWS EBRD - All streams,ebrd,NA
a4b7079e,2018-02-01,EBRD extends EUR 12 mln loan to Romanian lender,https://www.romania-insider.com/ebrd-loan-libra-bank/,NEWS EBRD - All streams,ebrd,NA
e9d3e221,2018-01-12,EBRD to support Romania's further efforts to consolidate water sector,https://seenews.com/news/ebrd-to-support-romanias-further-efforts-to-consolidate-water-sector-597496,NEWS EBRD - All streams,ebrd,NA
20202b07,2018-03-20,Rwanda: AfDB approves a $30 million loan to support the innovation fund,https://www.ecofinagency.com/public-management/2003-38222-rwanda-afdb-approves-a-30-million-loan-to-support-the-innovation-fund,NEWS AFDB- All Streams,afdb,NA
997c6902,2018-03-20,Rwanda: AfDB approves a $30 million loan to support the innovation fund,https://www.ecofinagency.com/public-management/2003-38222-rwanda-afdb-approves-a-30-million-loan-to-support-the-innovation-fund,NEWS AFDB- All Streams,afdb,NA
ef18915d,2018-03-20,AfDB approves $30m loan to Rwanda Innovation Fund,https://www.txfnews.com/Tracker/Details/f50cbf5e-c1ea-4313-a9e1-c40f7db7ac62/AfDB-approves-30m-loan-to-Rwanda-Innovation-Fund,NEWS AFDB- All Streams,afdb,NA
55160d43,2018-03-21,AfDB agrees $93.1m financing for Rwandan road improvement project,https://www.txfnews.com/Tracker/Details/af093c36-26b3-4a1f-be2b-2a26f39b0bb8/AfDB-agrees-93-1m-financing-for-Rwandan-road-improvement-project,NEWS AFDB- All Streams,afdb,NA
d708e164,2018-03-16,EBRD announces â‚¬150k funding for green solutions in Serbia,http://www.energylivenews.com/2018/03/16/ebrd-announces-e150k-funding-for-green-solutions-in-serbia/,NEWS EBRD - All streams,ebrd,NA
c4fb05b4,2018-06-01,Africa: Italy Commits $1.2 Million to the Somalia Infrastructure Fund,http://allafrica.com/stories/201806010559.html,NEWS AFDB- All Streams,afdb,NA
e83a749e,2018-03-13,Private auditors for ADB projects in Sri Lanka,http://www.economynext.com/Private_auditors_for_ADB_projects_in_Sri_Lanka-3-10115.html,NEWS ADB - All Streams,adb,NA
f33b7a0a,2018-05-01,"Sri Lanka projects slowed down by counterparty funds, approvals: ADB","http://www.economynext.com/Sri_Lanka_projects_slowed_down_by_counterparty_funds,_approvals__ADB-3-10513.html",NEWS ADB - All Streams,adb,NA
25e917ed,2018-04-03,Sri Lanka's skills programme gets ADB backing,http://www.publicfinanceinternational.org/news/2018/04/sri-lankas-skills-programme-gets-adb-backing,NEWS ADB - All Streams,adb,NA
c03e61c2,2018-05-01,"Sri Lanka projects held up on counterparty funds, approvals: ADB","http://www.economynext.com/Sri_Lanka_projects_held_up_on_counterparty_funds,_approvals__ADB-3-10513.html",NEWS ADB - All Streams,adb,NA
c43d906a,2018-01-16,ADB aid for Sri Lanka power system reliability study,http://www.economynext.com/ADB_aid_for_Sri_Lanka_power_system_reliability_study-3-9584-8.html,NEWS ADB - All Streams,adb,NA
a5637504,2018-01-15,ADB Provides Additional Funds to Support SME Development in Sri Lanka,http://feedproxy.google.com/~r/adb_news/~3/fkcvvfkmQhc/adb-provides-additional-funds-support-sme-development-sri-lanka,NEWS ADB - All Streams,adb,NA
38d04aaa,2018-05-11,ADB gives Sri Lanka US$100mn to help meet demand for skilled labour,http://www.economynext.com/ADB_gives_Sri_Lanka_US$100mn_to_help_meet_demand_for_skilled_labour-3-10610-1.html,NEWS ADB - All Streams,adb,NA
2da26f82,2018-04-01,ADB $100 Million Additional Funding to Enhance Skills for Jobs in Sri Lanka,http://feedproxy.google.com/~r/adb_news/~3/IOJJO97ifUQ/adb-100-million-additional-funding-enhance-skills-jobs-sri-lanka,NEWS ADB - All Streams,adb,NA
f8c7953c,2018-05-18,ADB gives US$453mn for Sri Lanka's Mahaweli water security investment,http://www.economynext.com/ADB_gives_US$453mn_for_Sri_Lanka%E2%80%99s_Mahaweli_water_security_investment-3-10674.html,NEWS ADB - All Streams,adb,NA
c4296647,2018-06-06,AfDB approves USD 42 mn grant to boost Sudan's agricultural production,https://www.devdiscourse.com/Article/21947-afdb-approves-usd-42-mn-grant-to-boost-sudans-agricultural-production,NEWS AFDB- All Streams,afdb,NA
17e9caf2,2018-06-02,AfDB provides $1 million to support Sudan's preparation for debt relief,http://www.cpifinancial.net/news/post/45278/afdb-provides-1-million-to-support-sudans-preparation-for-debt-relief,NEWS AFDB- All Streams,afdb,NA
c91598ff,2018-01-07,AFDB APPROVES FINCORP'S E300M LOAN,http://www.times.co.sz/business/116507-afdb-approves-fincorp%E2%80%99s-e300m-loan.html,NEWS AFDB- All Streams,afdb,NA
a68b2726,2018-02-22,"Energy, Transport Lead the Way as Performance of 2017 ADB-Funded Projects in Tajikistan Remains Strong",http://www.finchannel.com/business/71646-energy-transport-lead-the-way-as-performance-of-2017-adb-funded-projects-in-tajikistan-remains-strong,NEWS ADB - All Streams,adb,NA
2a70d5a8,2018-05-30,ADB considered Tajikistan's main international donor,https://www.azernews.az/region/132764.html,NEWS ADB - All Streams,adb,NA
6bf86478,2018-03-27,ADB Grant to Further Improve Transport Connectivity and Safety in Tajikistan,http://feedproxy.google.com/~r/adb_news/~3/NEKWwJwcPOs/adb-grant-further-improve-transport-connectivity-and-safety-tajikistan,NEWS ADB - All Streams,adb,NA
f5b8d0b7,2018-05-01,ADB provides $90 million to Tajikistan to rehabilitate major road,https://www.timesca.com/index.php/news/19684-adb-provides-90-million-to-tajikistan-to-rehabilitate-major-road,NEWS ADB - All Streams,adb,NA
499e6edf,2018-03-16,ADB to back 25-MW biomass plan in Thailand with USD 35m,https://renewablesnow.com/news/adb-to-back-25-mw-biomass-plan-in-thailand-with-usd-35m-605389/,NEWS ADB - All Streams,adb,NA
2dac671a,2018-01-08,Ministry eyes innovation loan,https://www.bangkokpost.com/tech/local-news/1392658/ministry-eyes-innovation-loan,NEWS ADB - All Streams,adb,NA
a5c9f275,2018-03-01,ADB Support to Boost Road Connectivity in Timor-Leste,http://feedproxy.google.com/~r/adb_news/~3/seZNoNKnw6s/adb-support-boost-road-connectivity-timor-leste,NEWS ADB - All Streams,adb,NA
50e32d79,2018-03-01,EBRD partners with Mowgli Mentoring to support women-led enterprises in Tunisia,https://www.finchannel.com/business/71845-ebrd-partners-with-mowgli-mentoring-to-support-women-led-enterprises-in-tunisia,NEWS EBRD - All streams,ebrd,NA
decab47a,2018-02-23,Turkmenistan ready to expand co-op with ADB,https://en.trend.az/business/economy/2864753.html,NEWS ADB - All Streams,adb,NA
9b50558,2018-06-04,ADB may consider financing Turkmen gas field development (Exclusive),https://en.trend.az/business/energy/2912383.html,NEWS ADB - All Streams,adb,NA
8046d551,2018-04-02,EBRD supports Turkish ag exporter,http://www.world-grain.com/articles/news_home/World_Grain_News/2018/04/EBRD_supports_Turkish_ag_expor.aspx?ID={396A5926-949A-4EA7-8547-D05971C644D8},NEWS EBRD - All streams,ebrd,NA
cc1c9038,2018-03-31,EBRD loans Turkish agricultural firm $48M for expansion,http://www.worldbulletin.net/economy/200481/ebrd-loans-turkish-agricultural-firm-48m-for-expansion,NEWS EBRD - All streams,ebrd,NA
21389dc6,2018-02-16,EBRD supports efficient grain logistics in Ukraine,http://www.en.portnews.ru/news/253707/,NEWS EBRD - All streams,ebrd,NA
d3b757c8,2018-02-05,UNIAN: EBRD envoy tells why Ukraine sees only four IMF tranches,https://www.kyivpost.com/business/unian-ebrd-envoy-tells-ukraine-sees-four-imf-tranches.html,NEWS EBRD - All streams,ebrd,NA
2be2bd7e,2018-01-27,EBRD president calls on Ukrainian authorities to continue their struggle with backstage arrangements,https://www.kyivpost.com/ukraine-politics/ebrd-president-calls-ukrainian-authorities-continue-struggle-backstage-arrangements.html,NEWS EBRD - All streams,ebrd,NA
f4aad198,2018-01-09,Ukraine to launch its first solar plant at Chernobyl,http://www.businesstimes.com.sg/energy-commodities/ukraine-to-launch-its-first-solar-plant-at-chernobyl,NEWS EBRD - All streams,ebrd,NA
a356bd17,2018-05-04,"Minsk, EBRD launch Green City project",http://eng.belta.by/society/view/minsk-ebrd-launch-green-city-project-111443-2018/,NEWS EBRD - All streams,ebrd,NA
c6d5ae0d,2018-05-25,ADB's $145 million loan to help improve water supply services in Uzbekistan,http://www.timesca.com/index.php/news/19792-adb-s-145-million-loan-to-help-improve-water-supply-services-in-uzbekistan,NEWS ADB - All Streams,adb,NA
17111fa1,2018-02-04,$100 million loan facility from ADB to help build municipal waste-to-energy plants in Vietnam,https://www.opengovasia.com/articles/adb-provides-100-million-loan-facility-to-help-build-municipal-waste-to-energy-plants-in-vietnam,NEWS ADB - All Streams,adb,NA
6ec953dc,2018-02-13,ADB lends US$100 million to China Everbright waste-to-energy projects in Vietnam,https://esg.theasset.com/ESG/34109/adb-lends-us100-million-to-china-everbright-waste-to-energy-projects-in-vietnam,NEWS ADB - All Streams,adb,NA
ba5c9ce2,2018-03-09,GCF approves AfDB's funding for renewable energy in Zambia,https://www.power-technology.com/news/gcf-approves-afdbs-funding-renewable-energy-zambia/,NEWS AFDB- All Streams,afdb,NA
b07519df,2018-05-11,The ADB to support Zimbabwe with credit lines and tackling its arrears,https://www.businesslive.co.za/bd/world/africa/2018-05-11-the-adb--to-support-zimbabwe-with-credit-lines-and-tackling-its-arrears/,NEWS ADB - All Streams,adb,NA
5e516c8c,2018-05-22,African Development Bank and UNIDO join forces to accelerate Africa's industrialization,https://moderndiplomacy.eu/2018/05/22/african-development-bank-and-unido-join-forces-to-accelerate-africas-industrialization/,NEWS ADB - All Streams,adb,afdb
4979c331,2018-01-11,ADB Sells Dual-Tranche $3.75 Billion 3-Year and $1.5 Billion 10-Year Global Benchmark Bonds,http://feedproxy.google.com/~r/adb_news/~3/cTvOB-PRwyI/adb-sells-dual-tranche-375-billion-3-year-and-15-billion-10-year-global-benchmark-bonds,NEWS ADB - All Streams,adb,NA
d7bd3ab,2018-05-21,Bank of America Raises $2.25 Billion in its Largest Issue of Green Bonds,https://mercomindia.com/bank-of-america-issues-largest-green-bonds/,NEWS ADB - All Streams,adb,NA
4dd7237a,2018-01-13,"AIIB, ADB to co-finance more projects this year: ADB president",https://www.ecns.cn/business/2018/01-14/288265.shtml,NEWS ADB - All Streams,adb,aiib
45587bab,2018-06-05,ADB Shoring Up Flood Defenses to Promote Growth in Phuentsholing,http://feedproxy.google.com/~r/adb_news/~3/6jqQqTEROsc/adb-shoring-flood-defenses-promote-growth-phuentsholing,NEWS ADB - All Streams,adb,NA
f1875aeb,2018-01-16,ADB starts mobilizing funds for Marawi rehabilitation,http://beta.philstar.com/business/2018/01/17/1778393/adb-starts-mobilizing-funds-marawi-rehabilitation,NEWS ADB - All Streams,adb,NA
ef82c4f1,2018-02-23,"ADB to lend USD 235m to Thai IPP for renewables, DG",https://renewablesnow.com/news/adb-to-lend-usd-235m-to-thai-ipp-for-renewables-dg-602755/,NEWS ADB - All Streams,adb,NA
2dd500aa,2018-05-08,ADB Assesses Renewable Energy Projects in Afghanistan,https://www.tolonews.com/index.php/afghanistan/adb-assesses-renewable-energy-projects-afghanistan,NEWS ADB - All Streams,adb,NA
5b8c529e,2018-03-21,ADB farming aid sought,http://www.khmertimeskh.com/115392/adb-farming-aid-sought/,NEWS ADB - All Streams,adb,NA
319791ff,2018-05-21,"ADB, AECID Sign MOU for Further Collaboration, Knowledge Sharing",http://feedproxy.google.com/~r/adb_news/~3/AUvM4iTjbps/adb-aecid-sign-mou-further-collaboration-knowledge-sharing,NEWS ADB - All Streams,adb,NA
f2ff03a6,2018-03-19,"DAR turns over three roads, bridge in Gamay",http://pia.gov.ph/news/articles/1005991,NEWS ADB - All Streams,adb,NA
e9d71fca,2018-02-21,ADB approves 360 mln USD loan to improve Bangladesh railway,http://www.xinhuanet.com/english/2018-02/21/c_136988710.htm,NEWS ADB - All Streams,adb,NA
bbcf7706,2018-06-05,"Asian Development Bank (ADB) Launches Sustainability Report, Reaffirms Commitment To Environmental ...",https://www.urdupoint.com/en/pakistan/asian-development-bank-adb-launches-sustain-363635.html,NEWS ADB - All Streams,adb,NA
497e73b,2018-01-30,ADB commits $250 loan for all-weather roads in 5 states,http://www.ddinews.gov.in/business/adb-commits-250-loan-all-weather-roads-5-states,NEWS ADB - All Streams,adb,NA
f125c94b,2018-05-13,Govt. in secret agreement with ADB: ICEU,http://www.dailymirror.lk/article/Govt-in-secret-agreement-with-ADB-ICEU-149857.html,NEWS ADB - All Streams,adb,NA
46e0cdb9,2018-05-16,"Asian grassroots movements, civil society groups launch protest action against ADB â€œdirty energy policyâ€",http://www.samarnews.com/news2018/may/e283.htm,NEWS ADB - All Streams,adb,NA
819fbc06,2018-01-17,ADB financing and lending drops because of delayed projects,http://www.publicfinanceinternational.org/news/2018/01/adb-financing-and-lending-drops-because-delayed-projects,NEWS ADB - All Streams,adb,NA
b36d1830,2018-01-19,ADB co-financing drops because of delayed projects,http://www.publicfinanceinternational.org/news/2018/01/adb-co-financing-drops-because-delayed-projects1,NEWS ADB - All Streams,adb,NA
4ee8575f,2018-01-22,"I left WB, ADB Funds For Napo â€“ Opoku-Agyemang",https://www.peacefmonline.com/pages/local/social/201801/341886.php,NEWS ADB - All Streams,adb,NA
fa9f0376,2018-01-12,ADB Sells Dual-Tranche $3.75 Billion 3-Year and $1.5 Billion 10-Year Global Benchmark Bonds,http://www.business-standard.com/article/news-cm/adb-sells-dual-tranche-3-75-billion-3-year-and-1-5-billion-10-year-global-benchmark-bonds-118011200581_1.html,NEWS ADB - All Streams,adb,NA
a96191cf,2018-06-06,Environmental Sustainability: ADB raises financing,https://tribune.com.pk/story/1728614/2-environmental-sustainability-adb-raises-financing/,NEWS ADB - All Streams,adb,NA
4e038efd,2018-02-01,"Govt, ADB ink USD 250m loan agreement",https://in.news.yahoo.com/govt-adb-ink-usd-250m-loan-agreement-153325336.html,NEWS ADB - All Streams,adb,NA
2bb96c99,2018-05-18,African Development Bank Approves US$100 Million for Expansion of Fertilizer Production,http://allafrica.com/stories/201805180795.html,NEWS AFDB- All Streams,afdb,NA
494f3123,2018-02-22,African Development Bank Board Approves Rockefeller Foundation Trust Fund With Initial US$ 3 Million to Support the ...,http://allafrica.com/stories/201802220662.html,NEWS AFDB- All Streams,afdb,NA
be5b868d,2018-01-03,African Development Bank Board Approves Third Sovereign Lending Instrument,http://allafrica.com/stories/201801030335.html,NEWS AFDB- All Streams,afdb,NA
b8aa79f5,2018-02-06,AfDB Approves $10m Loan To Boost Fund's Portfolio In Africa,https://leadership.ng/2018/02/06/afdb-approves-10m-loan-boost-funds-portfolio-africa/,NEWS AFDB- All Streams,afdb,NA
2378d185,2018-02-05,AfDB approves $10m loan to support African local currency bond fund,https://www.businessamlive.com/afdb-approves-10m-loan-to-support-african-local-currency-bond-fund/,NEWS AFDB- All Streams,afdb,NA
332d45d2,2018-03-20,Rwanda: AfDB approves a $30 million loan to support the innovation fund,https://www.ecofinagency.com/public-management/2003-38222-rwanda-afdb-approves-a-30-million-loan-to-support-the-innovation-fund,NEWS AFDB- All Streams,afdb,NA
7b6086df,2018-01-12,EBRD welcomes Turkey's National Energy Efficiency Action Plan,http://www.finchannel.com/~finchannel/business/70774-ebrd-welcomes-turkey-s-national-energy-efficiency-action-plan,NEWS EBRD - All streams,ebrd,NA
d71d946a,2018-01-18,Naftogaz to pay $300 million loan to EBRD in January,https://www.kyivpost.com/ukraine-politics/naftogaz-pay-300-million-loan-ebrd-jan.html,NEWS EBRD - All streams,ebrd,NA
d956ccbb,2018-03-01,EBRD intends to buy 25% of state-owned banks in EGX,http://www.egypttoday.com/Article/3/44157/EBRD-intends-to-buy-25-of-state-owned-banks-in,NEWS EBRD - All streams,ebrd,NA
e8db2ad7,2017-12-31,"Plan was floated to wipe Soviet debt in exchange for nuclear disarmament, files show",https://luxoraleader.com/plan-was-floated-to-wipe-soviet-debt-in-exchange-for-nuclear-disarmament-files-show/376880/,NEWS EBRD - All streams,ebrd,NA
c034debf,2018-02-02,EBRD becomes shareholder in SEE-active ProCredit Holding,https://seenews.com/news/ebrd-becomes-shareholder-in-see-active-procredit-holding-600456,NEWS EBRD - All streams,ebrd,NA
c1d12e59,2018-05-08,PREVIEW-EBRD floats Africa expansion with heartland in flux,https://uk.reuters.com/article/ebrd-meeting-preview/preview-ebrd-floats-africa-expansion-with-heartland-in-flux-idUKL8N1SF2CU,NEWS EBRD - All streams,ebrd,NA
c70335ed,2018-03-01,EBRD to buy a 25% of upcoming gov't banks IPOs,http://www.egypttoday.com/Article/3/44157/EBRD-to-buy-a-25-of-upcoming-gov-t-banks,NEWS EBRD - All streams,ebrd,NA
d557697d,2018-02-27,Development bank EBRD sees near 25 percent drop in profits,https://uk.reuters.com/article/uk-ebrd-results/development-bank-ebrd-sees-near-25-percent-drop-in-profits-idUKKCN1GB337,NEWS EBRD - All streams,ebrd,NA
62f16a0e,2018-05-22,AfDB affirms the need to accelerate Africa's industrialisation,https://www.cnbcafrica.com/videos/2018/05/22/afdb-affirms-the-need-to-accelerate-africas-industrialisation/,NEWS AFDB- All Streams,afdb,NA
b6e91d1e,2018-05-02,"AIIB approves two new applicants, expands membership to 86",http://www.xinhuanet.com/english/2018-05/02/c_137150926.htm,NEWS AIIB - All Streams,aiib,NA
9f8663b3,2018-05-02,"AIIB approves Papua New Guinea and Kenya as new members, taking total to 86",http://www.scmp.com/news/china/diplomacy-defence/article/2144320/aiib-approves-papua-new-guinea-and-kenya-new-members,NEWS AIIB - All Streams,aiib,NA
7410804b,2018-05-01,AIIB Approves Membership of Papua New Guinea and Kenya,https://www.aiib.org/en/news-events/news/2018/20180502_001.html,NEWS AIIB - All Streams,aiib,NA
177631f2,2018-03-27,"ADB, JICA to Support 20,000 Smallholder Farmers with $163 Million Inclusive Agribusiness Deal",http://feedproxy.google.com/~r/adb_news/~3/0pjLL8IaGEY/adb-jica-support-20000-smallholder-farmers-163-million-inclusive-agribusiness-deal,NEWS ADB - All Streams,adb,jica
91170a17,2018-03-10,"ADB, ISA sign pact to promote solar energy",https://www.moneycontrol.com/news/business/adb-isa-sign-pact-to-promote-solar-energy-2525169.html,NEWS ADB - All Streams,adb,NA
e6c0abc,2018-03-26,ADB commits US$175.3 million in geothermal energy development in Western Indonesia,https://www.opengovasia.com/articles/adb-commits-us-175-3-million-in-geothermal-energy-development-in-western-indonesia,NEWS ADB - All Streams,adb,indonesia
5d5f87de,2018-03-10,"Asian Development Bank, International Solar Alliance sign pact to promote solar energy",https://economictimes.indiatimes.com/industry/energy/asian-development-bank-international-solar-alliance-sign-pact-to-promote-solar-energy/articleshow/63244451.cms,NEWS ADB - All Streams,adb,NA
b565dce8,2018-03-09,ADB talks importance of Southern Gas Corridor (Exclusive),https://en.trend.az/business/economy/2871019.html,NEWS ADB - All Streams,adb,NA
ee93098,2018-05-10,AfDB approves $1.5m for Jigawa solar power programme,http://sunnewsonline.com/afdb-approves-1-5m-for-jigawa-solar-power-programme/,NEWS AFDB- All Streams,afdb,NA
c3db1013,2018-05-05,AfDB approves $1.5m for Jigawa power project,https://www.vanguardngr.com/2018/05/afdb-approves-1-5m-for-jigawa-power-project/,NEWS AFDB- All Streams,afdb,NA
abddfd5d,2018-05-05,AfDB Approves $1.5m For Jigawa Power Project â€“ Independent Newspapers Limited,http://www.nigeriatoday.ng/2018/05/afdb-approves-1-5m-for-jigawa-power-project-independent-newspapers-limited/,NEWS AFDB- All Streams,afdb,NA
d6880e3b,2018-05-09,AfDB Approves $1.5m For Jigawa Solar Power Programme,http://www.nigeriatoday.ng/2018/05/afdb-approves-1-5m-for-jigawa-solar-power-programme/,NEWS AFDB- All Streams,afdb,NA
d128dc0b,2018-05-11,African Development Bank Approves $1.5 Million USD for Jigiwa On-Grid IPP Solar Power Procurement Program,http://allafrica.com/stories/201805110894.html,NEWS AFDB- All Streams,afdb,NA
56d050a1,2018-05-05,AfDB approves $1.5m for Jigawa power project,https://punchng.com/afdb-approves-1-5m-for-jigawa-power-project/,NEWS AFDB- All Streams,afdb,NA
e83d3955,2018-01-10,EBRD finances modernisation of Enguri power plant,https://www.txfnews.com/Ticker/Redirect/80381145-0e6f-4614-b278-75faf0add601?ShowSmallPage=True,NEWS EBRD - All streams,ebrd,NA
7d5df6ba,2018-02-01,Energean to get $180 million loan from EBRD,http://www.ekathimerini.com/225448/article/ekathimerini/business/energean-to-get-180-million-loan-from-ebrd,NEWS EBRD - All streams,ebrd,NA
836e2101,2018-03-25,ADB Boosts Support to Governments to Combat Money Laundering in Asia,http://feedproxy.google.com/~r/adb_news/~3/S2Od76lkFFI/adb-boosts-support-governments-combat-money-laundering-asia,NEWS ADB - All Streams,adb,NA
cc0c986,2018-01-23,Asia Pacific Microgrid Market Anticipated to Reach $22560.4 Million by 2026,https://www.prnewswire.com/news-releases/asia-pacific-microgrid-market-anticipated-to-reach-225604-million-by-2026-300587091.html,NEWS ADB - All Streams,adb,NA
e0fdfdf4,2018-02-13,AfDB approves $10m for African local currency bond Fund,https://newtelegraphonline.com/2018/02/afdb-approves-10m-african-local-currency-bond-fund/,NEWS AFDB- All Streams,afdb,NA
d5f85a2b,2018-02-06,AfDB Approves $10m Loan To Boost Fund'S Portfolio In Africa,https://www.naijanews.com/business/46175-afdb-approves-10m-loan-to-boost-funds-portfolio-in-africa,NEWS AFDB- All Streams,afdb,NA
3584ada2,2018-02-07,AfDB approves $10m loan to boost fund's portfolio in Africa,http://www.businessdayonline.com/afdb-approves-10m-loan-boost-funds-portfolio-africa/,NEWS AFDB- All Streams,afdb,NA
37d41203,2018-01-18,African Development Bank Approves US $500-Million Third and Final Tranche Budget Support Loan for Governance ...,http://allafrica.com/stories/201801180716.html,NEWS AFDB- All Streams,afdb,NA
779e66f6,2018-02-06,AfDB approves $10m for the African Local Currency Bond Fund,https://www.esi-africa.com/news/afdb-supports-local-currency-bond-issuers-across-africa/,NEWS AFDB- All Streams,afdb,NA
39251d3f,2018-02-08,AfDB approves $10 million loan to ALCB Fund,http://www.daily-mail.co.zm/afdb-approves-10-million-loan-to-alcb-fund/,NEWS AFDB- All Streams,afdb,NA
352663d2,2018-01-09,AfDB board approves third sovereign lending instrument,http://thenationonlineng.net/afdb-board-approves-third-sovereign-lending-instrument/,NEWS AFDB- All Streams,afdb,NA
4e36991c,2018-05-08,"Moroccan bank, AfDB allocate 100 mln USD to promote intra-african trade",http://www.xinhuanet.com/english/2018-05/08/c_137164762.htm,NEWS AFDB- All Streams,afdb,NA
c00216bf,2018-03-15,EBRD acquires 2.5-pct stake in Bank Audi,http://www.dailystar.com.lb/Business/Local/2018/Mar-16/441720-ebrd-acquires-25-pct-stake-in-bank-audi.ashx,NEWS EBRD - All streams,ebrd,NA
960123b9,2018-03-13,EBRD launches health bond,https://www.finchannel.com/business/72096-ebrd-launches-health-bond,NEWS EBRD - All streams,ebrd,NA
ab197992,2018-05-28,"Kiwis, ADB give K1.2mil for Bialla hydro upgrade",https://www.thenational.com.pg/kiwis-adb-give-k1-2mil-bialla-hydro-upgrade/,NEWS ADB - All Streams,adb,NA
d009c414,2018-05-04,ADB advises policies to harness tech for better economic growth,https://www.thenews.com.pk/print/312647-adb-advises-policies-to-harness-tech-for-better-economic-growth,NEWS ADB - All Streams,adb,NA
f65a8ded,2018-05-09,Crowding in Asia's private sector to accelerate infra development,http://www.nationmultimedia.com/detail/Economy/30344977,NEWS ADB - All Streams,adb,NA
4168b73b,2018-02-27,AIIB approves $1.5 billion of loans to India for infrastructure projects,http://www.livemint.com/Industry/w9icp6SUtAYE9LUgcHUeiP/AIIB-approves-15-billion-of-loans-to-India-for-infrastruct.html,NEWS AIIB - All Streams,aiib,NA
87f4bf60,2018-05-28,EBRD Finances Infrastructure Investment Program,http://www.venturemagazine.me/2018/05/ebrd-finances-infrastructure-investment/,NEWS EBRD - All streams,ebrd,NA
ae84091f,2018-02-12,CPEC Western route to be completed by end of this year,https://tribune.com.pk/story/1633076/1-cpec-western-route-completed-end-year/,NEWS ADB - All Streams,adb,NA
cd8ff49c,2018-02-09,ADB to prepare work plan for BRT station at Numaish,https://dailytimes.com.pk/198970/adb-prepare-work-plan-brt-station-numaish/,NEWS ADB - All Streams,adb,pakistan
5544a6bd,2018-03-15,"ADB, India Sign $120 Million Loan to Improve Rail Infrastructure",http://feedproxy.google.com/~r/adb_news/~3/DmnxusUJlMc/adb-india-sign-120-million-loan-improve-rail-infrastructure,NEWS ADB - All Streams,adb,NA
c5be4f3e,2018-05-17,Public Works Defends Itself Over Highway Construction Delays,https://www.tolonews.com/business/public-works-defends-itself-over-highway-construction-delays,NEWS ADB - All Streams,adb,NA
f58d4bf3,2018-05-19,$210 million ADB loan to end water scarcity in dry zone,http://www.sundayobserver.lk/2018/05/20/business/210-million-adb-loan-end-water-scarcity-dry-zone,NEWS ADB - All Streams,adb,NA
8ad3024b,2018-02-23,Widodo: Toxic river may be clean enough to drink within 7 years,http://www.asahi.com/ajw/articles/AJ201802230053.html,NEWS ADB - All Streams,adb,NA
ec0c1d0e,2018-05-18,A Total Investment USD â€“ 675 mn For Mahaweli Water Security Investment Program,http://www.asiantribune.com/node/91867,NEWS ADB - All Streams,adb,NA
98aa29ea,2018-01-30,EBRD tackling solid waste management problem in Khujand,https://akipress.com/news:601587/,NEWS EBRD - All streams,ebrd,NA
