article_id,published,title,url,feed_label,ProjectNumber,EWS Project Name,EWS hyperlink,Matched
10f9ed2,1/11/18,ADB Provides Support for Three Infrastructure Projects in Cambodia,http://moderndiplomacy.eu/2018/01/11/adb-provides-support-three-infrastructure-projects-cambodia/,NEWS ADB - All Streams,"ADB-41123-015, ADB-48158-001, ADB-41435-053","Road Network Improvement Project (formerly Second Road Asset Management Project) (ADB-41123-015); Provincial Water Supply and Sanitation Project (ADB-48158-001); Tonle Sap Poverty Reduction and Smallholder Development Project - Additional Financing (ADB-41435-053)",https://ewsdata.rightsindevelopment.org/projects/41123-015-road-network-improvement-project-formerly-second/; https://ewsdata.rightsindevelopment.org/projects/48158-001-provincial-water-supply-and-sanitation-project/;,1
c0eece9b,5/13/18,ADB Helps Inaugurate New Power Distribution Network in Southwest Kabul,http://feedproxy.google.com/~r/adb_news/~3/2MylhkP_6EA/adb-helps-inaugurate-new-power-distribution-network-southwest-kabul,NEWS ADB - All Streams,ADB-47282-001,Energy Supply Improvement Investment Program (ADB-47282-001),https://ewsdata.rightsindevelopment.org/projects/47282-001-energy-supply-improvement-investment-program/,1
d1d79dd8,2/20/18,ADB Provides $360 Million for Rolling Stock to Boost Bangladesh Railway,http://feedproxy.google.com/~r/adb_news/~3/v9sYF6AvwkY/adb-provides-360-million-rolling-stock-boost-bangladesh-railway,NEWS ADB - All Streams,ADB-50312-003,Railway Rolling Stock Operations Improvement Project,https://ewsdata.rightsindevelopment.org/projects/50312-003-railway-rolling-stock-operations-improvement-proje/,1
f0d65e5,2/25/18,ADB provides financing to Thailand's B.Grimm Power for renewable energy expansion,https://www.dealstreetasia.com/stories/adb-b-grimm-power-thailand-93095/,NEWS ADB - All Streams,ADB-50410-001,ASEAN Distributed Power Project: Initial Poverty and Social Analysis (ADB-50410-001),https://ewsdata.rightsindevelopment.org/projects/50410-001-asean-distributed-power-project-initial-poverty-a/,1
4a557358,2/26/18,ADB's $235m loan to support B.Grimm Power expansion in ASEAN region,https://www.power-technology.com/news/adbs-235m-loan-support-b-grimm-power-expansion-asean-region/,NEWS ADB - All Streams,ADB-50410-001,ASEAN Distributed Power Project: Initial Poverty and Social Analysis (ADB-50410-001),https://ewsdata.rightsindevelopment.org/projects/50410-001-asean-distributed-power-project-initial-poverty-a/,1
817a9fee,2/23/18,B.Grimm Power secures ADB loan to support renewable energy in Asean,https://esg.theasset.com/ESG/34144/bgrimm-power-secures-adb-loan-to-support-renewable-energy-in-asean,NEWS ADB - All Streams,ADB-50410-001,ASEAN Distributed Power Project: Initial Poverty and Social Analysis (ADB-50410-001),https://ewsdata.rightsindevelopment.org/projects/50410-001-asean-distributed-power-project-initial-poverty-a/,1
1d18e02b,2/27/18,B.Grimm Power secures ADB loan for ASEAN renewable energy project,http://solar.energy-business-review.com/news/bgrimm-power-secures-adb-loan-for-asean-renewable-energy-project-260218-6065668,NEWS ADB - All Streams,ADB-50410-001,ASEAN Distributed Power Project: Initial Poverty and Social Analysis (ADB-50410-001),https://ewsdata.rightsindevelopment.org/projects/50410-001-asean-distributed-power-project-initial-poverty-a/,1
5ae8d202,2/22/18,"ADB, B.Grimm Power Expand Support for Renewable Energy in ASEAN",http://feedproxy.google.com/~r/adb_news/~3/CHQeRYReXMM/adb-bgrimm-power-expand-support-renewable-energy-asean,NEWS ADB - All Streams,ADB-50410-001,ASEAN Distributed Power Project: Initial Poverty and Social Analysis (ADB-50410-001),https://ewsdata.rightsindevelopment.org/projects/50410-001-asean-distributed-power-project-initial-poverty-a/,1
e9482ff2,2/24/18,"ADB, B.Grimm Power Expand Support for Renewable Energy in ASEAN",http://moderndiplomacy.eu/2018/02/24/adb-b-grimm-power-expand-support-renewable-energy-asean/,NEWS ADB - All Streams,ADB-50410-001,ASEAN Distributed Power Project: Initial Poverty and Social Analysis (ADB-50410-001),https://ewsdata.rightsindevelopment.org/projects/50410-001-asean-distributed-power-project-initial-poverty-a/,1
c2a956dd,5/7/18,"ADB loan, equity to Ameriabank to help promote financial inclusion in Armenia",http://arka.am/en/news/business/adb_loan_equity_to_ameriabank_to_help_promote_financial_inclusion_in_armenia/,NEWS ADB - All Streams,,,,0
9fd5c398,2/6/18,AfDB okays $10million bond support fund,http://thenationonlineng.net/afdb-okays-10million-bond-support-fund/,NEWS AFDB- All Streams,,,,0
b2d42591,3/26/18,AfDB to launch 12 projects for agricultural SMEs in 6 African countries on March 27-29,https://www.ecofinagency.com/public-management/2603-38250-afdb-to-launch-12-projects-for-agricultural-smes-in-6-african-countries-on-march-27-29,NEWS AFDB- All Streams,,,,0
6c25cda0,6/3/18,AIIB seeks to strengthen co-op with Azerbaijan,https://www.azernews.az/business/133053.html,NEWS AIIB - All Streams,AIIB-000011,Azerbaijan: Trans Anatolian Natural Gas Pipeline Project (TANAP),https://ewsdata.rightsindevelopment.org/projects/000011-azerbaijan-trans-anatolian-natural-gas-pipeline-p/,1
f08d78,2/26/18,"AIIB approves $60 million for Bangladesh power plant, considering investing $885m more",https://bdnews24.com/economy/2018/02/27/aiib-approves-60-million-for-bangladesh-power-plant-considering-investing-885m-more,NEWS AIIB - All Streams,AIIB-000015,Bangladesh: Natural Gas Infrastructure and Efficiency Improvement Project (AIIB-000015),https://ewsdata.rightsindevelopment.org/projects/000015-bangladesh-natural-gas-infrastructure-and-efficie/,1
21bcdf5b,2/26/18,"AIIB approves $285 million of loans to Bangladesh for power, energy",https://www.reuters.com/article/bangladesh-aiib-investment/aiib-approves-285-million-of-loans-to-bangladesh-for-power-energy-idUSL4N1QG448,NEWS AIIB - All Streams,"AIIB-000015, AIIB-0003, AIIB-00057",Natural Gas Infrastructure and Efficiency Improvement Project (AIIB-000015); Distribution System Upgrade and Expansion Project (AIIB-0003); Bangladesh Bhola IPP (AIIB-00057),https://ewsdata.rightsindevelopment.org/projects/000015-bangladesh-natural-gas-infrastructure-and-efficie/; https://ewsdata.rightsindevelopment.org/projects/0003-bangladesh-distribution-system-upgrade-and-expans/; https://ewsdata.rightsindevelopment.org/projects/00057-bangladesh-bhola-ipp/,1
cb7b1ba,2/26/18,"AIIB approves $285 million of loans to Bangladesh for power, energy",https://in.reuters.com/article/bangladesh-aiib-investment/aiib-approves-285-million-of-loans-to-bangladesh-for-power-energy-idINKCN1GA1DB,NEWS AIIB - All Streams,"AIIB-000015, AIIB-0003, AIIB-00057",Natural Gas Infrastructure and Efficiency Improvement Project (AIIB-000015); Distribution System Upgrade and Expansion Project (AIIB-0003); Bangladesh Bhola IPP (AIIB-00057),https://ewsdata.rightsindevelopment.org/projects/000015-bangladesh-natural-gas-infrastructure-and-efficie/; https://ewsdata.rightsindevelopment.org/projects/0003-bangladesh-distribution-system-upgrade-and-expans/; https://ewsdata.rightsindevelopment.org/projects/00057-bangladesh-bhola-ipp/,1
d71af9e4,2/27/18,"AIIB approves $285m of loans to Bangladesh for power, energy",http://en.prothomalo.com/economy/news/171731/AIIB-approves-285m-of-loans-to-Bangladesh-for,NEWS AIIB - All Streams,"AIIB-000015, AIIB-0003, AIIB-00057",Natural Gas Infrastructure and Efficiency Improvement Project (AIIB-000015); Distribution System Upgrade and Expansion Project (AIIB-0003); Bangladesh Bhola IPP (AIIB-00057),https://ewsdata.rightsindevelopment.org/projects/000015-bangladesh-natural-gas-infrastructure-and-efficie/; https://ewsdata.rightsindevelopment.org/projects/0003-bangladesh-distribution-system-upgrade-and-expans/; https://ewsdata.rightsindevelopment.org/projects/00057-bangladesh-bhola-ipp/,1
ed93f7da,2/26/18,AIIB approves $285m in loans to Bangladesh for power projects,https://www.dealstreetasia.com/stories/aiib-approves-285m-of-loans-to-bangladesh-for-power-energy-93146/,NEWS AIIB - All Streams,"AIIB-000015, AIIB-0003, AIIB-00057",Natural Gas Infrastructure and Efficiency Improvement Project (AIIB-000015); Distribution System Upgrade and Expansion Project (AIIB-0003); Bangladesh Bhola IPP (AIIB-00057),https://ewsdata.rightsindevelopment.org/projects/000015-bangladesh-natural-gas-infrastructure-and-efficie/; https://ewsdata.rightsindevelopment.org/projects/0003-bangladesh-distribution-system-upgrade-and-expans/; https://ewsdata.rightsindevelopment.org/projects/00057-bangladesh-bhola-ipp/,1
def9e94e,6/3/18,"Andhra land acquisition law passed under World Bank ""direction"" to build capital Amravati, as land pooling system fails",https://www.counterview.net/2018/06/andhra-land-acquisition-law-passed.html,NEWS AIIB - All Streams,AIIB-000019,Amaravati Sustainable Capital City Development Project,https://ewsdata.rightsindevelopment.org/projects/000019-india-amaravati-sustainable-capital-city-developm/,1
b37f386d,4/12/18,AIIB to invest $140mn to perk up rural roads in Madhya Pradesh,http://www.uniindia.com/~/aiib-to-invest-140mn-to-perk-up-rural-roads-in-madhya-pradesh/Business%20Economy/news/1197761.html,NEWS AIIB - All Streams,AIIB-000020,India: Madhya Pradesh Rural Connectivity Project (AIIB-000020),https://ewsdata.rightsindevelopment.org/projects/000020-india-madhya-pradesh-rural-connectivity-project/,1
7d30b559,4/12/18,AIIB grants $140 mn loan to improve Madhya Pradesh's rural roads,https://www.thehindubusinessline.com/news/national/aiib-grants-140-mn-loan-to-improve-madhya-pradeshs-rural-roads/article23514007.ece,NEWS AIIB - All Streams,AIIB-000020,India: Madhya Pradesh Rural Connectivity Project (AIIB-000020),https://ewsdata.rightsindevelopment.org/projects/000020-india-madhya-pradesh-rural-connectivity-project/,1
53b2c218,2/21/18,"With Port Project, Georgia Seeks Place on China's Belt and Road",https://eurasianet.org/s/with-port-project-georgia-seeks-place-on-chinas-belt-and-road,NEWS AIIB - All Streams,AIIB-000021,Batumi Bypass Road Project,https://ewsdata.rightsindevelopment.org/projects/000021-georgia-batumi-bypass-road-project/,1
9917d30a,1/9/18,"Metro Manila flood control project may start in Jan, gov't says",http://news.abs-cbn.com/business/01/09/18/metro-manila-flood-control-project-may-start-in-jan-govt-says,NEWS AIIB - All Streams,AIIB-000023,Philippines: Metro Manila Flood Management Project (AIIB-000023),https://ewsdata.rightsindevelopment.org/projects/000023-philippines-metro-manila-flood-management-project/,1
8d7610c9,2/21/18,"BMRCL may tweak packages, tunnel length on Dairy Circle-Nagawara route",https://timesofindia.indiatimes.com/city/bengaluru/bmrcl-may-tweak-packages-tunnel-length-on-dairy-circle-nagawara-route/articleshow/63020183.cms,NEWS AIIB - All Streams,AIIB-000038,Bangalore Metro Rail Project - Line R6,https://ewsdata.rightsindevelopment.org/projects/000038-india-bangalore-metro-rail-project-line-r6/,1
e447cff1,1/16/18,European investment bank & BMRCL sign project pact on funding metro phase 2 line,https://timesofindia.indiatimes.com/business/india-business/european-investment-bank-bmrcl-sign-project-pact-on-funding-metro-phase-2-line/articleshow/62529794.cms,NEWS AIIB - All Streams,AIIB-000038,Bangalore Metro Rail Project - Line R6,https://ewsdata.rightsindevelopment.org/projects/000038-india-bangalore-metro-rail-project-line-r6/,1
328b7a21,2/20/18,"10 towns in Krishna, Guntur to get new water schemes",https://timesofindia.indiatimes.com/city/visakhapatnam/10-towns-in-krishna-guntur-to-get-new-water-schemes/articleshow/63004649.cms,NEWS AIIB - All Streams,AIIB-000079,Andhra Pradesh Urban Water Supply and Septage Management Improvement Project,https://ewsdata.rightsindevelopment.org/projects/AIIB-000079/,1
9b695369,5/8/18,Andhra Pradesh government accords sanction for water supply project,http://www.newindianexpress.com/cities/vijayawada/2018/may/09/andhra-pradesh-government-accords-sanction-for-water-supply-project-1812268.html,NEWS AIIB - All Streams,AIIB-000079,Andhra Pradesh Urban Water Supply and Septage Management Improvement Project,https://ewsdata.rightsindevelopment.org/projects/AIIB-000079/,1
67ebc632,2/26/18,"AIIB approves $285 million of loans to Bangladesh for power, energy",https://in.reuters.com/article/bangladesh-aiib-investment/aiib-approves-285-million-of-loans-to-bangladesh-for-power-energy-idINKCN1GA1DB,NEWS AIIB - All Streams,"AIIB-0003, AIIB-000015, AIIB-00057",,"https://ewsdata.rightsindevelopment.org/projects/00057-bangladesh-bhola-ipp/, https://ewsdata.rightsindevelopment.org/projects/0003-bangladesh-distribution-system-upgrade-and-expans/, https://ewsdata.rightsindevelopment.org/projects/000015-bangladesh-natural-gas-infrastructure-and-efficie/",1
8eba7336,3/6/18,AIIB approves loan to Bangladesh Independent Power Project,https://www.theasset.com/belt-road-online/34203/aiib-approves-loan-to-bangladesh-independent-power-project,NEWS AIIB - All Streams,AIIB-00057,Bangladesh Bhola IPP (AIIB-00057),https://ewsdata.rightsindevelopment.org/projects/00057-bangladesh-bhola-ipp/,1
1d0142a4,2/26/18,AIIB approves 60 mln USD loan for Bangladesh power project,http://www.xinhuanet.com/english/2018-02/27/c_137001645.htm,NEWS AIIB - All Streams,AIIB-00057,Bangladesh Bhola IPP (AIIB-00057),https://ewsdata.rightsindevelopment.org/projects/00057-bangladesh-bhola-ipp/,1
11a35f15,2/26/18,AIIB approves $60mn loan for Bangladesh power project,http://www.thedailystar.net/country/asian-infrastructure-investment-bank-aiib-approves-60mn-loan-for-bangladesh-power-project-1540462,NEWS AIIB - All Streams,AIIB-00057,Bangladesh Bhola IPP (AIIB-00057),https://ewsdata.rightsindevelopment.org/projects/00057-bangladesh-bhola-ipp/,1
961f2ed8,2/28/18,AIIB approves loan for Bangladesh Bhola IPP energy project,http://www.power-technology.com/news/aiib-approves-loan-bangladesh-bhola-ipp-energy-project/,NEWS AIIB - All Streams,AIIB-00057,Bangladesh Bhola IPP (AIIB-00057),https://ewsdata.rightsindevelopment.org/projects/00057-bangladesh-bhola-ipp/,1
93f42c74,2/26/18,AIIB approves 60 mln USD loan for Bangladesh power project,http://www.xinhuanet.com/english/2018-02/27/c_137001645.htm,NEWS AIIB - All Streams,AIIB-00057,Bangladesh Bhola IPP (AIIB-00057),https://ewsdata.rightsindevelopment.org/projects/00057-bangladesh-bhola-ipp/,1
9a7b41a2,2/28/18,AIIB approves $60m for 220MW plant in Bhola,https://energybangla.com/aiib-approves-60m-for-220mw-plant-in-bhola/,NEWS AIIB - All Streams,AIIB-00057,Bangladesh Bhola IPP (AIIB-00057),https://ewsdata.rightsindevelopment.org/projects/00057-bangladesh-bhola-ipp/,1
86d7fa70,1/5/18,US$100m for Beitbridge border rehabilitation,https://www.theindependent.co.zw/2018/01/05/us100m-beitbridge-border-rehabilitation/,NEWS AFDB- All Streams,,,,0
fd6ca411,1/19/18,AfDB Funds USD 101 Million Angola Projects,https://www.ooskanews.com/story/2018/01/afdb-funds-usd-101-million-angola-projects_175534,NEWS AFDB- All Streams,,,,0
82edb610,3/14/18,AfDB extends $25m loan facility to private sector,http://www.chronicle.co.zw/afdb-extends-25m-loan-facility-to-private-sector/,NEWS AFDB- All Streams,,,,0
98cae838,2/6/18,"Gov't secures $20m AfDB cash to construct link road, facilitate 2nd 'Adomi Bridge'",https://www.ghanaweb.com/GhanaHomePage/business/Gov-t-secures-20m-AfDB-cash-to-construct-link-road-facilitate-2nd-Adomi-Bridge-623910,NEWS AFDB- All Streams,,,,0
cd0ebdc7,1/12/18,Plem construction of Polytechnic College annex taking shape: Funded by AfDB,https://www.nyasatimes.com/plem-construction-polytechnic-college-annex-taking-shape-funded-afdb/,NEWS AFDB- All Streams,,,,0
5ac77e66,2/2/18,EBRD Board of Directors Unanimously Approves Nenskra HPP Project Financing,http://georgiatoday.ge/news/8990/EBRD-Board-of-Directors-Unanimously-Approves-Nenskra-HPP-Project-Financing,NEWS EBRD - All streams,EBRD-46778,Nenskra HPP (EBRD-46778),https://ewsdata.rightsindevelopment.org/projects/46778-nenskra-hpp/,1
11e77947,4/26/18,EBRD declares effective 218 mln euro loan for Albania's KESH restructuring,https://seenews.com/news/ebrd-declares-effective-218-mln-euro-loan-for-albanias-kesh-restructuring-610398,NEWS EBRD - All streams,EBRD-48132,KESH Restructuring Project (EBRD-48132),https://ewsdata.rightsindevelopment.org/projects/47282-001-energy-supply-improvement-investment-program/,1
8beead9b,5/9/18,"EBRD, partners extend funds for 30-MW solar project in Mongolia",https://renewablesnow.com/news/ebrd-partners-extend-funds-for-30-mw-solar-project-in-mongolia-611850/,NEWS EBRD - All streams,EBRD-48576,Desert Solar Power Project (EBRD-48576),https://ewsdata.rightsindevelopment.org/projects/48576-desert-solar-power-project/,1
a0aeaf74,1/4/18,Asiamoney best bank awards 2017: Mongolia,https://www.euromoney.com/article/b16bqhwq7ncydn/asiamoney-best-bank-awards-2017-mongolia,NEWS EBRD - All streams,EBRD-49078,XacBank MSME-loan 2017,https://ewsdata.rightsindevelopment.org/projects/49078-xacbank-msme-loan-2017/,1
723c5fd0,3/29/18,EBRD loans Turkish agricultural firm $48M for expansion,https://aa.com.tr/en/economy/ebrd-loans-turkish-agricultural-firm-48m-for-expansion/1103005,NEWS EBRD - All streams,EBRD-49188,Tiryaki Agro Trading (EBRD-49188),https://ewsdata.rightsindevelopment.org/projects/49188-tiryaki-agro-trading/,1
187e6ca7,3/29/18,EBRD loans $48M to Turkey's leading agricultural firm Tirkyaki Agro,https://www.dailysabah.com/economy/2018/03/29/ebrd-loans-48m-to-turkeys-leading-agricultural-firm-tirkyaki-agro,NEWS EBRD - All streams,EBRD-49188,Tiryaki Agro Trading (EBRD-49188),https://ewsdata.rightsindevelopment.org/projects/49188-tiryaki-agro-trading/,1
c12c6253,2/9/18,EBRD finances 45MW wind farm in Jordan,https://www.txfnews.com/Ticker/Redirect/b4b57bf8-2645-47b1-b233-22d2c48be002?ShowSmallPage=True,NEWS EBRD - All streams,EBRD-49222,Shobak Wind Farm (EBRD-49222),https://ewsdata.rightsindevelopment.org/projects/49222-shobak-wind-farm/,1
4bbe39d3,5/30/18,EBRD makes its largest ever equity investment in the tourism sector buying into D Marinas,http://www.intellinews.com/ebrd-makes-its-largest-ever-equity-investment-in-the-tourism-sector-buying-into-d-marinas-142449/,NEWS EBRD - All streams,EBRD-49556,D-Marin International,https://ewsdata.rightsindevelopment.org/projects/49556-d-marin-international/,1
3171005d,1/5/18,EBRD provides â‚¬28 million to rehabilitate Georgia's Enguri HPP,http://agenda.ge/news/93377/eng,NEWS EBRD - All streams,EBRD-49649,Enguri HPP Climate Resilience Upgrade,https://ewsdata.rightsindevelopment.org/projects/49649-enguri-hpp-climate-resilience-upgrade/,1
92066ec1,1/28/18,Egypt signs agreement to receive last $500M tranche of AFDB loan,https://www.egypttoday.com/Article/3/41268/Egypt-signs-agreement-to-receive-last-500M-tranche-of-AFDB,NEWS AFDB- All Streams,,,,0
ef56fb55,2/7/18,EIB approves $1.8bn financing for Trans-Adriatic Pipeline,http://transportandstorage.energy-business-review.com/news/eib-approves-18bn-financing-for-trans-adriatic-pipeline-070218-6048793,NEWS EIB - All streams,EIB-20140596,Trans-Adriatic Pipeline,https://ewsdata.rightsindevelopment.org/projects/20140596-trans-adriatic-pipeline/,1
14c44722,1/23/18,Centum affiliate firm to get Sh19.5bn for geothermal plant,https://www.businessdailyafrica.com/corporate/companies/Centum-affiliate-firm-to-get-Sh19-5bn-for-geothermal-plant/4003102-4275348-qxk6rz/,NEWS EIB - All streams,EIB-20140645,AKIIRA I GEOTHERMAL POWER PLANT,https://ewsdata.rightsindevelopment.org/projects/20140645-akiira-i-geothermal-power-plant/,1
b2f5fc11,2/6/18,EIB approves 1.5 billion euro loan to TAP gas pipeline,https://uk.reuters.com/article/uk-eu-energy/eib-approves-15-billion-euro-loan-to-tap-gas-pipeline-idUKKBN1FQ2DA,NEWS EIB - All streams,EIB-20150676,TANAP TRANS-ANATOLIAN NATURAL GAS PIPELINE (EIB-20150676),https://ewsdata.rightsindevelopment.org/projects/20150676-tanap-trans-anatolian-natural-gas-pipeline/,1
7d39b84d,2/7/18,EIB approves Eur1.5 bil TAP natural gas link loan after 'enhanced' corruption probe,https://www.platts.com/latest-news/natural-gas/London/EIB-approves-Eur15-bil-TAP-natural-gas-link-loan-26887329,NEWS EIB - All streams,EIB-20150676,TANAP TRANS-ANATOLIAN NATURAL GAS PIPELINE (EIB-20150676),https://ewsdata.rightsindevelopment.org/projects/20150676-tanap-trans-anatolian-natural-gas-pipeline/,1
b9bd7ce0,2/6/18,EIB gives TAP 1.5 bn loan (3),http://www.ansa.it/english/news/politics/2018/02/06/eib-gives-tap-1.5-bn-loan-3_b9911386-eaad-4c9c-9fb7-50380d74baae.html,NEWS EIB - All streams,EIB-20150676,TANAP TRANS-ANATOLIAN NATURAL GAS PIPELINE (EIB-20150676),https://ewsdata.rightsindevelopment.org/projects/20150676-tanap-trans-anatolian-natural-gas-pipeline/,1
bbfb53e9,2/6/18,EIB approves 1.5 billion euro loan for TAP gas pipeline,https://uk.reuters.com/article/uk-eu-energy/eib-approves-15-billion-euro-loan-for-tap-gas-pipeline-idUKKBN1FQ2DA,NEWS EIB - All streams,EIB-20150676,TANAP TRANS-ANATOLIAN NATURAL GAS PIPELINE (EIB-20150676),https://ewsdata.rightsindevelopment.org/projects/20150676-tanap-trans-anatolian-natural-gas-pipeline/,1
874e2620,2/7/18,EIB Approves â‚¬1.5bn TAP Loan,https://www.naturalgasworld.com/eib-approves-1.5bn-tap-loan-58725,NEWS EIB - All streams,EIB-20150676,TANAP TRANS-ANATOLIAN NATURAL GAS PIPELINE (EIB-20150676),https://ewsdata.rightsindevelopment.org/projects/20150676-tanap-trans-anatolian-natural-gas-pipeline/,1
57de6b56,3/19/18,EIB reveals details of loan for TANAP (Exclusive),https://en.trend.az/business/energy/2875583.html,NEWS EIB - All streams,EIB-20150676,TANAP TRANS-ANATOLIAN NATURAL GAS PIPELINE (EIB-20150676),https://ewsdata.rightsindevelopment.org/projects/20150676-tanap-trans-anatolian-natural-gas-pipeline/,1
8dfda546,3/1/18,ADB Pledges To Finance TAP Project,https://www.tolonews.com/afghanistan/adb-pledges-finance-tap-project,NEWS ADB - All Streams,EIB-20150676,TANAP TRANS-ANATOLIAN NATURAL GAS PIPELINE (EIB-20150676),https://ewsdata.rightsindevelopment.org/projects/20150676-tanap-trans-anatolian-natural-gas-pipeline/,1
ebf9ade8,2/20/18,TAP gas pipeline to get 1.2 bln euros in loans from EBRD in 2018,https://www.reuters.com/article/azerbaijan-ebrd/tap-gas-pipeline-to-get-12-bln-euros-in-loans-from-ebrd-in-2018-idUSL8N1Q94PG,NEWS EBRD - All streams,EIB-20150676,TANAP TRANS-ANATOLIAN NATURAL GAS PIPELINE (EIB-20150676),https://ewsdata.rightsindevelopment.org/projects/20150676-tanap-trans-anatolian-natural-gas-pipeline/,1
ffb6e18a,2/20/18,TAP gas pipeline to get 1.2 bln euros in loans from EBRD in 2018,http://www.kitco.com/news/2018-02-20/TAP-gas-pipeline-to-get-1-2-bln-euros-in-loans-from-EBRD-in-2018.html,NEWS EBRD - All streams,EIB-20150676,TANAP TRANS-ANATOLIAN NATURAL GAS PIPELINE (EIB-20150676),https://ewsdata.rightsindevelopment.org/projects/20150676-tanap-trans-anatolian-natural-gas-pipeline/,1
966769ac,3/1/18,ADB Pledges To Finance TAP Project,https://www.tolonews.com/index.php/afghanistan/adb-pledges-finance-tap-project,NEWS ADB - All Streams,EIB-20150676,TANAP TRANS-ANATOLIAN NATURAL GAS PIPELINE (EIB-20150676),https://ewsdata.rightsindevelopment.org/projects/20150676-tanap-trans-anatolian-natural-gas-pipeline/,1
dd374c54,2/20/18,EBRD to allocate 1.2B euros for TAP in 2018,https://www.azernews.az/oil_and_gas/127499.html,NEWS EBRD - All streams,EIB-20150676,TANAP TRANS-ANATOLIAN NATURAL GAS PIPELINE (EIB-20150676),https://ewsdata.rightsindevelopment.org/projects/20150676-tanap-trans-anatolian-natural-gas-pipeline/,1
c417b692,1/17/18,EBRD announces time of discussing TAP loan (Exclusive),https://en.trend.az/business/energy/2848591.html,NEWS EBRD - All streams,EIB-20150676,TANAP TRANS-ANATOLIAN NATURAL GAS PIPELINE (EIB-20150676),https://ewsdata.rightsindevelopment.org/projects/20150676-tanap-trans-anatolian-natural-gas-pipeline/,1
3b6d3235,2/20/18,TAP gas pipeline to get 1.2 bln euros in loans from EBRD in 2018,https://af.reuters.com/article/commoditiesNews/idAFL8N1Q94PG,NEWS EBRD - All streams,EIB-20150676,TANAP TRANS-ANATOLIAN NATURAL GAS PIPELINE (EIB-20150676),https://ewsdata.rightsindevelopment.org/projects/20150676-tanap-trans-anatolian-natural-gas-pipeline/,1
16482ff0,2/20/18,TAP Gas Pipeline To Get 1.2B Euros In Loans From EBRD In 2018,https://www.rigzone.com/news/wire/tap_gas_pipeline_to_get_12b_euros_in_loans_from_ebrd_in_2018-20-feb-2018-153592-article/,NEWS EBRD - All streams,EIB-20150676,TANAP TRANS-ANATOLIAN NATURAL GAS PIPELINE (EIB-20150676),https://ewsdata.rightsindevelopment.org/projects/20150676-tanap-trans-anatolian-natural-gas-pipeline/,1
a8a842c4,2/20/18,EBRD to allocate 1.2B euros for TAP in 2018,https://en.trend.az/business/energy/2863230.html,NEWS EBRD - All streams,EIB-20150676,TANAP TRANS-ANATOLIAN NATURAL GAS PIPELINE (EIB-20150676),https://ewsdata.rightsindevelopment.org/projects/20150676-tanap-trans-anatolian-natural-gas-pipeline/,1
53a92bf8,2/20/18,TAP gas pipeline to get 1.2 bln euros in loans from EBRD in 2018,https://www.reuters.com/article/azerbaijan-ebrd/tap-gas-pipeline-to-get-1-2-bln-euros-in-loans-from-ebrd-in-2018-idUSL8N1Q94PG,NEWS EBRD - All streams,EIB-20150676,TANAP TRANS-ANATOLIAN NATURAL GAS PIPELINE (EIB-20150676),https://ewsdata.rightsindevelopment.org/projects/20150676-tanap-trans-anatolian-natural-gas-pipeline/,1
b1310eb5,2/1/18,EIB to lend 130 mln euro for Serbia's Nis-Dimitrovgrad railway overhaul,https://seenews.com/news/eib-to-lend-130-mln-euro-for-serbias-nis-dimitrovgrad-railway-overhaul-600282,NEWS EIB - All streams,EIB-20160341,RAILWAY NIS-DIMITROVGRAD (EIB-20160341),https://ewsdata.rightsindevelopment.org/projects/20160341-railway-nis-dimitrovgrad/,1
af79244f,1/12/18,Bulgarian EU Presidency begins with EIB loan of 100M euro under Juncker Plan for agri-pharma firm,https://sofiaglobe.com/2018/01/12/bulgarian-eu-presidency-begins-with-eib-loan-of-100m-euro-under-juncker-plan-for-agri-pharma-firm/,NEWS EIB - All streams,EIB-20160727,BIOVET PESHTERA (EIB-20160727),https://ewsdata.rightsindevelopment.org/projects/20160727-biovet-peshtera/,1
ef0ef031,1/16/18,BMRCL signs project agreement with EIB,https://www.nyoooz.com/news/bengaluru/1010438/bmrcl-signs-project-agreement-with-eib/,NEWS EIB - All streams,EIB-20160816,Bangalore Metro Rail Corporation - LINE R6,https://ewsdata.rightsindevelopment.org/projects/20160816-bangalore-metro-rail-corporation-line-r6/,1
e819156c,3/28/18,EIB pumps $25m into off-grid solar project,http://www.engineeringnews.co.za/article/eib-pumps-25m-into-off-grid-solar-project-2018-03-28,NEWS EIB - All streams,EIB-20161001,OFF-GRID SOLAR ACCELERATION (EIB-20161001),https://ewsdata.rightsindevelopment.org/projects/20161001-off-grid-solar-acceleration/,1
1e153953,3/10/18,"IREDA, EIB ink 150mn-euro loan agreement for renewable energy",https://www.indiatoday.in/pti-feed/story/ireda-eib-ink-150mn-euro-loan-agreement-for-renewable-energy-1186755-2018-03-10,NEWS EIB - All streams,EIB-20170105,IREDA-RENEWABLE ENERGY AND ENERGY EFFICIENCY FL2,https://ewsdata.rightsindevelopment.org/projects/20170105-ireda-renewable-energy-and-energy-efficiency-fl2/,1
62e12c0d,3/30/18,Valmet signs Euro 45 million loan agreement with European Investment Bank,https://www.lesprom.com/en/news/Valmet_signs_Euro_45_million_loan_agreement_with_European_Investment_Bank_82586/,NEWS EIB - All streams,EIB-20170819,VALMET - AUTOMATION RDI (EIB-20170819),https://ewsdata.rightsindevelopment.org/projects/20170819-valmet-automation-rdi/,1
bb0c7835,1/8/18,AfDB okays energy loans fund,http://www.daily-mail.co.zm/afdb-okays-energy-loans-fund/,NEWS AFDB- All Streams,,,,0
9206496f,1/19/18,EBRD Lends Figeac AÃ©ro â‚¬38 Mln for Expansion in Morocco & Tunisia,http://northafricapost.com/21802-ebrd-lends-figeac-aero-e38-mln-expansion-morocco-tunisia.html,NEWS EBRD - All streams,EBRD-48424,Figeac Aero Regional,https://ewsdata.rightsindevelopment.org/projects/48424-figeac-aero-regional/,1
4827d3f,3/6/18,AfDB obtains $52.5m Green Climate Fund for Zambia Renewable Energy,http://worldstagegroup.com/index.php?active=news&newscid=43413&catid=26,NEWS AFDB- All Streams,"GCF-FP080, WB-P160383","Zambia Renewable Energy Investment Framework (GCF-FP080); Zambia Scaling Renewable Energy Program Investment Plan (WB-P160383)",https://ewsdata.rightsindevelopment.org/projects/fp080-zambia-renewable-energy-investment-framework/; https://ewsdata.rightsindevelopment.org/projects/p160383-zambia-scaling-renewable-energy-program-investment/,1
a5af59f,6/6/18,AfDB promotes better access to mortgage finance in Ghana,https://www.worldstagegroup.com/afdb-promotes-better-access-to-mortgage-finance-in-ghana/,NEWS AFDB- All Streams,,,,0
2513267f,1/13/18,PPP Center sets pre-bid conference for Baggao Water LGU project,http://beta.philstar.com/business/2018/01/14/1777442/ppp-center-sets-pre-bid-conference-baggao-water-lgu-project,NEWS ADB - All Streams,,,,0
96b5109d,4/27/18,IDB approves another loan for Quito metro,https://www.bnamericas.com/en/news/infrastructure/idb-approves-another-loan-for-quito-metro,NEWS IDB - All Streams,IADB-EC-L1111,Quito Metropolitan Urban Transport System,https://ewsdata.rightsindevelopment.org/projects/ec-l1111-quito-metropolitan-urban-transport-system/,1
9bbee377,4/28/18,IDB approves USD 250 mln loan to help build a metro line in Quito,https://www.devdiscourse.com/Article/5428-idb-approves-usd-250-mln-loan-to-help-build-a-metro-line-in-quito/Latin%20America%20and%20Caribbean,NEWS IDB - All Streams,IADB-EC-L1111,Quito Metropolitan Urban Transport System,https://ewsdata.rightsindevelopment.org/projects/ec-l1111-quito-metropolitan-urban-transport-system/,1
73334df7,4/23/18,"IDB Invest, IFC finance Achiras wind farm in Argentina",https://www.txfnews.com/Tracker/Details/ef312f80-bad7-4bec-90f3-eec29a2e536a/IDB-Invest-IFC-finance-Achiras-wind-farm-in-Argentina,NEWS IDB - All Streams,IIC-12063-02,Achiras Wind Power Project (IIC-12063-02),https://ewsdata.rightsindevelopment.org/projects/12063-02-achiras-wind-power-project/,1
2d23370d,5/17/18,IDB invests USD 5 mn in MONI Online in its first operation with Fintech company,https://www.devdiscourse.com/Article/7943-idb-invests-usd-5-mn-in-moni-online-in-its-first-operation-with-fintech-company,NEWS IDB - All Streams,IIC-12116-01,Moni Online S.A.,https://ewsdata.rightsindevelopment.org/projects/12116-01-moni-online-sa/,1
9e628fd3,2/14/18,Nigeria: AfDB Signs $700 Million Development Loan Agreement With Japan,http://allafrica.com/stories/201802140029.html,NEWS AFDB- All Streams,,,,0
3d4066f7,5/10/18,AfDB Grants $1.5 million for Jigawa IPP,http://africaoilandpower.com/2018/05/10/afdb-grants-1-5-million-for-jigawa-ipp/,NEWS AFDB- All Streams,,,,0
69adbb37,5/23/18,"AfDB, Korea agree to partner on Korea-Africa Energy Investment Facility",http://www.engineeringnews.co.za/article/afdb-korea-agree-to-partner-on-korea-africa-energy-investment-facility-2018-05-23,NEWS AFDB- All Streams,,,,0
c10f5087,3/22/18,"EBRD PROVIDES EUR 1.15 BLN TO SUPPORT SMES IN UKRAINE, GEORGIA, MOLDOVA",https://open4business.com.ua/ebrd-provides-eur-1-15-bln-support-smes-ukraine-georgia-moldova/,NEWS EBRD - All streams,,,,0
d6eab073,2/9/18,EBRD provides â‚¬6 million loan to PeopleCert,http://www.finchannel.com/business/banksandservices/71466-ebrd-provides-6-million-loan-to-peoplecert,NEWS EBRD - All streams,,,,0
af4b8026,4/1/18,"Wema Bank secures $35m AfDB, ICD funds for SMEs",http://thenationonlineng.net/wema-bank-secures-35m-afdb-icd-funds-smes/,NEWS AFDB- All Streams,,,,0
c518c447,3/22/18,AfDB grants Ghana $39 million to improve agricultural output in Savannah zone,https://www.ecofinagency.com/agriculture/2203-38231-afdb-grants-ghana-39-million-to-improve-agricultural-output-in-savannah-zone,NEWS AFDB- All Streams,,,,0
2cd7aac4,2/12/18,ADB provides USD 100 million loan assistance to Nepal,http://kathmandupost.ekantipur.com/news/2018-02-12/adb-provides-usd-100-million-loan-assistance-to-nepal.html,NEWS ADB - All Streams,,,,0
bfbc4f3c,3/21/18,Rwanda Innovation Fund project to receive US $30-million loan from African Development Bank,http://www.businessghana.com/site/news/business/161626/Rwanda-Innovation-Fund-project-to-receive-US-$30-million-loan-from-African-Development-Bank,NEWS AFDB- All Streams,,,,0
5c3867d7,2/27/18,IDB provides US$248m for key gov't initiatives,http://www.jamaicaobserver.com/latestnews/IDB_provides_US$248m_for_key_gov%26%238217;t_initiatives?profile=1228,NEWS IDB - All Streams,,,,0
f6652c7b,2/7/18,EIB approves 1.5 bln euro loan to TAP gas pipline,http://www.menafn.com/1096442548/EIB-approves-15-bln-euro-loan-to-TAP-gas-pipline,NEWS EIB - All streams,,,,0
6c72ae9a,2/12/18,/ ADB pledges USD 100 million to upgrade rural roads in Nepal,https://www.indiatoday.in/pti-feed/story/adb-pledges-usd-100-million-to-upgrade-rural-roads-in-nepal-1167873-2018-02-12,NEWS ADB - All Streams,,,,0
7539d05f,5/14/18,Citi Inks $100 Million Trade Finance Deal With Asian Development Bank,https://www.pymnts.com/news/b2b-payments/2018/citi-adb-trade-finance/,NEWS ADB - All Streams,,,,0
c5346537,3/16/18,"ADB, India Sign $120 Million Loan to Improve Rail Infrastructure",https://www.finchannel.com/business/72240-adb-india-sign-120-million-loan-to-improve-rail-infrastructure,NEWS ADB - All Streams,ADB-36330-033,Railway Sector Investment Program - Tranche 3,https://ewsdata.rightsindevelopment.org/projects/36330-033-railway-sector-investment-program-tranche-2/,1
ae07d672,2/14/18,World Bank inks $510m Iraq infrastructure project deal,http://www.gdnonline.com/Details/317754/World-Bank-inks-$510m-Iraq-infrastructure-project-deal,NEWS WB- All Streams,,,,0
8c34b030,2/16/18,World Bank approves $486m to improve Nigeria's electricity transmission network,http://www.power-technology.com/news/world-bank-approves-486m-improve-nigerias-electricity-transmission-network/,NEWS WB- All Streams,WB-P146330,NG-Electricity Transmission Project (WB-P146330),https://ewsdata.rightsindevelopment.org/projects/p146330-ng-electricity-transmission-project/,1
44e02446,2/3/18,Inland Waterways Authority Of India Signs Project Agreement With The World Bank For Jal Marg Vikas Project on Ganga,http://www.businessworld.in/article/Inland-Waterways-Authority-Of-India-Signs-Project-Agreement-With-The-World-Bank-For-Jal-Marg-Vikas-Project-on-Ganga-/03-02-2018-139435,NEWS WB- All Streams,WB-P148775,Capacity Augmentation of the National Waterway - 1(JAL MARG VIKAS) Project (WB-P148775),https://ewsdata.rightsindevelopment.org/projects/p148775-national-waterways-development-project/,1
e982195d,4/7/18,World Bank to fund $ 420 mn for climate resilient farming in Maharashtra,https://www.ruralmarketing.in/industry/policy/world-bank-to-fund-420-mn-for-climate-resilient-farming-in-maharashtra,NEWS WB- All Streams,WB-P160408,Maharashtra Project on Climate Resilient Agriculture (WB-P160408),https://ewsdata.rightsindevelopment.org/projects/p146330-ng-electricity-transmission-project/,1
5a307c9e,3/31/18,Burkina Faso: World Bank Approves $50 Million to Boost Private Investment and Job Creation,https://moderndiplomacy.eu/2018/03/31/burkina-faso-world-bank-approves-50-million-to-boost-private-investment-and-job-creation/,NEWS WB- All Streams,WB-P161234,Burkina Faso - Bagre Growth Pole Project Additional Financing,https://ewsdata.rightsindevelopment.org/projects/p161234-burkina-faso-bagre-growth-pole-project-additiona/,1
21044d5f,4/30/18,World Bank approves $180 mln loan guarantee for Kenya's energy sector,https://www.reuters.com/article/kenya-worldbank-energy/world-bank-approves-180-mln-loan-guarantee-for-kenyas-energy-sector-idUSL8N1S7375,NEWS WB- All Streams,WB-P162422,KenGen Guarantee Program (WB-P162422),https://ewsdata.rightsindevelopment.org/projects/p146330-ng-electricity-transmission-project/,1
340d79e8,2/12/18,Government secures $40m from World Bank to support free SHS,https://www.ghanaweb.com/GhanaHomePage/NewsArchive/Government-secures-40m-from-World-Bank-to-support-free-SHS-625783,NEWS WB- All Streams,WB-P163628,Secondary Education Improvement Project Additional Financing (WB-P163628),https://ewsdata.rightsindevelopment.org/projects/p163628-secondary-education-improvement-project-additional/,1
21c8dc10,2/24/18,AfDB approves RFTF with US$ 3 million,http://www.businessghana.com/site/news/business/160143/AfDB-approves-RFTF-with-US$-3-million,NEWS AFDB- All Streams,,,,0
b78eac50,2/24/18,AfDB approves RFTF with US$ 3 million,http://www.businessghana.com/site/news/Business/160143/AfDB-approves-RFTF-with-US$-3-million,NEWS AFDB- All Streams,,,,0
2478dd5b,5/22/18,Afghanistan awards 50 MW of hybrid solar projects,https://renewablesnow.com/news/afghanistan-awards-50-mw-of-hybrid-solar-projects-613419/,NEWS ADB - All Streams,,,,0
f2f565d6,3/19/18,ADB director reaffirms support for Afghanistan's infrastructure development,https://www.pajhwok.com/en/2018/03/19/adb-director-reaffirms-support-afghanistan%E2%80%99s-infrastructure-development,NEWS ADB - All Streams,,,,0
166e847c,3/1/18,EBRD to support capacity building of Azerbaijan's energy regulator,https://www.azernews.az/business/128042.html,NEWS EBRD - All streams,,,,0
a183ec95,2/27/18,ADB President Confirms Increased Financial Assistance to Bangladesh,http://feedproxy.google.com/~r/adb_news/~3/9GBV392aakE/adb-president-confirms-increased-financial-assistance-bangladesh,NEWS ADB - All Streams,,,,0
e6a79ca2,2/16/18,Japan Gives $700m Loan To AfDB,https://leadership.ng/2018/02/16/japan-gives-700m-loan-afdb/,NEWS AFDB- All Streams,,,,0
5eca9220,5/31/18,"AfDB, GCF partner on 'Desert-to-Power' scheme",http://thenationonlineng.net/afdb-gcf-partner-on-desert-to-power-scheme/,NEWS AFDB- All Streams,,,,0
f1e63fb6,2/27/18,Asian Infrastructure Investment Bank to invest $200 mn in NIIF,https://www.vccircle.com/asian-infrastructure-investment-bank-to-invest-200-mn-in-niif/,NEWS AIIB - All Streams,,,,0
cf03c965,3/9/18,Telkom Kenya applies for EIB loan to help fund €75m network investment,http://www.capacitymedia.com/Article/3792825/News/Telkom-Kenya-applies-for-EIB-loan-to-help-fund-75m-network-investment,NEWS EIB - All streams,EIB-20170635,Kenya Telecom Expansion,https://ewsdata.rightsindevelopment.org/projects/20170635-kenya-telecom-expansion/,1
c4d39fcc,1/12/18,European Investment Bank provides $150m for renewable energy in Peru,http://www.climateactionprogramme.org/news/european-investment-bank-provides-150m-for-renewable-energy-in-peru,NEWS EIB - All streams,EIB-20160848,Enel Green Power Peru,https://ewsdata.rightsindevelopment.org/projects/20160848-enel-green-power-peru/,1
cf5a35d4,4/4/18,EIB powers African solar firm d.light with US$25m funding,http://www.itwebafrica.com/enterprise/505-africa/243786-eib-powers-african-solar-firm-dlight-with-us25m-funding,NEWS EIB - All streams,EIB-20161001,Off Grid Solar Acceleration,https://ewsdata.rightsindevelopment.org/projects/20161001-off-grid-solar-acceleration/,1
21b9419d,2/21/18,ADB approves $360 m loan for railway development,http://www.dhakatribune.com/bangladesh/development/2018/02/21/adb-approves-loan-railway-development/,NEWS ADB - All Streams,ADB-50312-003,Railway Rolling Stock Operations Improvement Project,https://ewsdata.rightsindevelopment.org/projects/50312-003-railway-rolling-stock-operations-improvement-proje/,1
b8dd4c57,2/8/18,"ADB, World Bank, Australia-Supported High-Speed Broadband Goes Live in Samoa",http://feedproxy.google.com/~r/adb_news/~3/ZlsBuUhfaQM/adb-world-bank-australia-supported-high-speed-broadband-goes-live-samoa,NEWS ADB - All Streams,ADB-47320-001,Samoa Submarine Cable Project,https://ewsdata.rightsindevelopment.org/projects/47320-001-samoa-submarine-cable-project/,1
38d2206c,1/8/18,IDB to provide $1bn loan for 2.4GW hydropower plant in Colombia,https://www.power-technology.com/news/idb-provide-1bn-loan-2-4gw-hydropower-plant-colombia/,NEWS IDB - All Streams,IIC-11794-04,Planta Hidroelectrica Ituango,https://ewsdata.rightsindevelopment.org/projects/11794-04-planta-hidroelectrica-ituango/,1
abc93c01,5/9/18,Delivery Unit Seeking To Help Govt Meet Promises,http://www.tribune242.com/news/2018/may/09/delivery-unit-seeking-to-help-govt-meet-promises/,NEWS IDB - All Streams,IADB-BH-L1035,Performance Monitoring and Public Financial Management Reform,https://ewsdata.rightsindevelopment.org/projects/bh-l1035-performance-monitoring-and-public-financial-manage/,1
925ca007,3/16/18,Inter-American Development Bank Loans Davivienda $200 Million USD to Finance Mortgages in Colombia,http://www.financecolombia.com/inter-american-development-bank-loans-davivienda-200-million-mortgage-finance-colombia/,NEWS IDB - All Streams,IIC-12114-01,Davivienda Colombia,https://ewsdata.rightsindevelopment.org/projects/12114-01-davivienda-colombia/,1
b23fb8af,5/31/18,Earth Today | EFJ's new call for proposals aims to strengthen climate response,http://jamaica-gleaner.com/article/news/20180531/earth-today-efjs-new-call-proposals-aims-strengthen-climate-response,NEWS IDB - All Streams,IADB-JA-G1002,Adaptation Program and Financing Mechanisms for the Pilot Program for Climate Resilience,https://ewsdata.rightsindevelopment.org/projects/ja-g1002-adaptation-program-and-financing-mechanisms-for-th/,1
8cfcf435,6/6/18,IDB helps Brazil to expand access to financing for midsized firms,https://www.devdiscourse.com/Article/21943-idb-helps-brazil-to-expand-access-to-financing-for-midsized-firms,NEWS IDB - All Streams,IIC-12161-01,Bozano Growth Capital Fund,https://ewsdata.rightsindevelopment.org/projects/12161-01-bozano-growth-capital-fund/,1
f22acccb,4/24/18,IDB finances 48-MW wind park in Argentina,https://renewablesnow.com/news/idb-finances-48-mw-wind-park-in-argentina-610028/,NEWS IDB - All Streams,IIC-12063-02,Achiras Wind Power Project,https://ewsdata.rightsindevelopment.org/projects/12063-02-achiras-wind-power-project/,1